id,organizations_id,entry_number,types_id,versions_id,audit_types_id,year,valid_until_date,valid_until_year,score
1,14654,1,5,1,1,,,,
2,14654,2,3,4,1,2016.0,2018-03-31,2018.0,520.0
3,14655,1,5,1,1,2019.0,2021-05-31,2021.0,443.0
4,14655,2,3,4,1,,,,
5,14655,3,3,4,1,,,,
6,14656,1,5,1,2,2021.0,2023-09-30,2023.0,311.0
7,14656,2,5,2,1,2019.0,2021-02-28,2021.0,407.0
8,14656,3,3,4,1,2015.0,2017-05-31,2017.0,466.0
9,14656,4,2,4,3,2013.0,2015-12-31,2015.0,535.0
10,14657,1,5,1,1,,,,
11,14657,2,3,4,1,2015.0,2017-05-31,2017.0,496.0
12,14658,1,5,1,1,2019.0,2021-02-28,2021.0,245.0
13,14659,1,5,1,1,2019.0,2021-03-21,2021.0,278.0
14,14660,1,3,4,2,2019.0,2021-01-31,2021.0,627.0
15,14660,2,3,4,1,2015.0,2017-05-31,2017.0,594.0
16,14661,1,5,2,2,,,,342.0
17,14662,1,5,2,2,,,,
18,14662,2,5,1,2,2019.0,2021-04-30,2021.0,690.0
19,14663,1,5,2,2,2019.0,2021-06-30,2021.0,249.0
20,14665,1,5,1,2,2019.0,2021-05-31,2021.0,444.0
21,14665,2,3,4,3,2016.0,2018-12-30,2018.0,627.0
22,14666,1,5,2,2,2019.0,2021-05-31,2021.0,453.0
23,14667,1,5,2,1,2021.0,2023-03-31,2023.0,520.0
24,14668,1,5,2,2,2018.0,2020-12-31,2020.0,517.0
25,14669,1,5,1,1,2022.0,2024-03-31,2024.0,630.0
26,14669,2,5,1,1,2018.0,2020-10-31,2020.0,567.0
27,14670,1,5,1,2,2019.0,2021-04-30,2021.0,722.0
28,14670,2,2,4,1,2013.0,2015-12-31,2015.0,479.0
29,14671,1,3,4,2,2019.0,2021-05-31,2021.0,590.0
30,14671,2,3,4,3,2015.0,2017-04-30,2017.0,607.0
31,14672,1,3,4,2,2019.0,2021-03-31,2021.0,
32,14673,1,5,2,1,2019.0,2021-04-30,2021.0,260.0
33,14674,1,5,2,1,2019.0,2021-05-31,2021.0,515.0
34,14674,2,3,4,1,,,,
35,14676,1,5,2,1,2022.0,2024-02-29,2024.0,718.0
36,14676,2,3,4,2,2019.0,2021-01-31,2021.0,709.0
37,14676,3,3,4,1,2016.0,2018-01-31,2018.0,613.0
38,14676,4,2,4,1,2012.0,2014-03-31,2014.0,520.0
39,14677,1,5,1,1,2019.0,2021-01-31,2021.0,209.0
40,14678,1,5,2,2,2022.0,2024-09-30,2024.0,578.0
41,14678,2,5,2,2,2019.0,2021-07-31,2021.0,499.0
42,14678,3,3,4,2,2013.0,2015-06-30,2015.0,541.0
43,14679,1,5,2,1,2021.0,2023-02-28,2023.0,441.0
44,14679,2,5,2,2,2019.0,2021-01-31,2021.0,502.0
45,14680,1,5,1,2,2019.0,2021-01-31,2021.0,421.0
46,14681,1,5,2,1,2022.0,2024-11-30,2024.0,496.0
47,14681,2,5,2,1,2018.0,2020-11-30,2020.0,437.0
48,14682,1,5,1,1,2018.0,2020-08-31,2020.0,355.0
49,14683,1,5,2,1,2021.0,2023-03-31,2023.0,516.0
50,14683,2,5,1,2,2019.0,2021-03-31,2021.0,434.0
51,14684,1,5,1,1,2021.0,2023-05-31,2023.0,384.0
52,14686,1,5,2,1,2022.0,2024-11-30,2024.0,549.0
53,14686,2,5,2,1,2020.0,2022-12-31,2022.0,443.0
54,14686,3,5,2,2,2018.0,2020-11-30,2020.0,441.0
55,14687,1,5,2,2,2022.0,2024-06-30,2024.0,560.0
56,14687,2,3,4,2,2019.0,2021-04-30,2021.0,602.0
57,14687,3,3,4,1,2015.0,2017-11-30,2017.0,559.0
58,14687,4,2,4,1,2013.0,2015-11-30,2015.0,385.0
59,14687,5,1,4,1,2011.0,2013-12-30,2013.0,332.0
60,14688,1,5,1,2,2019.0,2021-01-31,2021.0,300.0
61,14689,1,5,1,1,2018.0,2020-08-31,2020.0,285.0
62,14690,1,5,1,2,2023.0,2025-06-30,2025.0,375.0
63,14690,2,5,1,2,2019.0,2021-06-30,2021.0,329.0
64,14690,3,3,4,3,2016.0,2018-09-30,2018.0,427.0
65,14691,1,5,1,1,2019.0,2021-05-31,2021.0,443.0
66,14691,2,3,4,1,,,,
67,14693,1,5,1,1,2021.0,2023-08-31,2023.0,457.0
68,14693,2,5,2,2,2018.0,2020-10-31,2020.0,325.0
69,14694,1,5,2,2,2019.0,2021-07-31,2021.0,626.0
70,14694,2,3,4,3,2013.0,2015-06-30,2015.0,555.0
71,14695,1,5,1,2,2019.0,2021-01-31,2021.0,298.0
72,14696,1,5,1,1,2019.0,2021-06-30,2021.0,230.0
73,14697,1,5,2,3,,,,
74,14697,2,5,1,1,2019.0,2021-07-31,2021.0,461.0
75,14700,1,5,1,2,2019.0,2021-09-30,2021.0,365.0
76,14701,1,5,2,2,2023.0,2025-12-31,2025.0,451.0
77,14701,2,5,2,1,2022.0,2024-03-31,2024.0,426.0
78,14701,3,5,2,2,2019.0,2021-09-30,2021.0,391.0
79,14704,1,5,1,3,2019.0,2021-05-20,2021.0,
80,14705,1,5,2,1,2021.0,2023-07-31,2023.0,456.0
81,14705,2,5,1,3,2019.0,2021-05-20,2021.0,332.0
82,14706,1,5,1,3,2020.0,2022-11-13,2022.0,507.0
83,14706,2,5,1,3,2019.0,2021-05-20,2021.0,493.0
84,14707,1,5,2,1,2019.0,2021-08-31,2021.0,608.0
85,14707,2,3,4,1,2016.0,2018-09-30,2018.0,575.0
86,14708,1,5,2,2,2023.0,2025-07-31,2025.0,746.0
87,14708,2,5,2,2,2021.0,2023-07-31,2023.0,743.0
88,14708,3,5,2,2,2019.0,2021-07-31,2021.0,725.0
89,14708,4,3,4,1,2017.0,2019-07-31,2019.0,671.0
90,14708,5,3,4,1,2015.0,2017-07-31,2017.0,635.0
91,14708,6,2,4,1,2013.0,2015-06-30,2015.0,595.0
92,14708,7,3,4,1,2012.0,2014-06-30,2014.0,593.0
93,14708,8,1,4,1,2011.0,2013-10-31,2013.0,630.0
94,14709,1,5,1,2,2023.0,2025-09-30,2025.0,605.0
95,14709,2,5,1,2,2019.0,2021-06-30,2021.0,503.0
96,14710,1,5,1,1,2019.0,2021-05-31,2021.0,333.0
97,14711,1,5,2,2,2023.0,2025-04-30,2025.0,572.0
98,14711,2,5,2,2,2021.0,2023-05-31,2023.0,534.0
99,14711,3,5,2,2,2019.0,2021-04-30,2021.0,483.0
100,14711,4,3,4,1,2017.0,2019-04-30,2019.0,462.0
101,14711,5,3,4,1,2015.0,2017-04-30,2017.0,419.0
102,14711,6,2,4,1,2013.0,2015-04-30,2015.0,329.0
103,14711,7,2,4,1,2012.0,2014-04-30,2014.0,329.0
104,14712,1,5,2,1,2019.0,2021-04-30,2021.0,316.0
105,14713,1,5,1,3,2023.0,2025-11-30,2025.0,610.0
106,14713,2,5,1,1,2019.0,2021-05-30,2021.0,354.0
107,14714,1,5,2,2,2023.0,2025-07-31,2025.0,286.0
108,14714,2,5,2,3,2020.0,2022-07-31,2022.0,319.0
109,14715,1,5,2,3,2020.0,2022-07-31,2022.0,129.0
110,14716,1,5,2,3,2020.0,2022-07-31,2022.0,316.0
111,14718,1,5,1,3,2019.0,2021-04-30,2021.0,432.0
112,14719,1,5,1,3,,,,
113,14719,2,3,4,1,2016.0,2018-06-30,2018.0,668.0
114,14720,1,5,1,3,,,,
115,14721,1,5,1,3,2019.0,2021-04-30,2021.0,382.0
116,14722,1,5,1,3,2019.0,2021-04-30,2021.0,474.0
117,14723,1,5,2,2,2022.0,2024-07-31,2024.0,542.0
118,14723,2,5,1,3,2019.0,2021-03-31,2021.0,595.0
119,14725,1,5,1,3,2019.0,2021-03-31,2021.0,458.0
120,14726,1,5,1,3,2019.0,2021-05-31,2021.0,303.0
121,14727,1,5,1,3,2019.0,2021-05-20,2021.0,386.0
122,14728,1,5,1,3,,,,
123,14728,2,5,1,1,2020.0,2022-09-30,2022.0,478.0
124,14728,3,5,1,3,2019.0,2021-05-31,2021.0,535.0
125,14728,4,3,4,1,,,,
126,14728,5,2,4,1,,,,
127,14728,6,1,4,1,,,,
128,14730,1,5,2,3,2020.0,2022-07-31,2022.0,349.0
129,14731,1,5,2,3,2020.0,2022-07-31,2022.0,250.0
130,14732,1,5,2,3,2020.0,2022-07-31,2022.0,243.0
131,14733,1,5,2,2,2021.0,2023-07-31,2023.0,406.0
132,14733,2,5,2,3,2020.0,2022-07-31,2022.0,282.0
133,14734,1,5,1,2,2019.0,2021-10-31,2021.0,495.0
134,14734,2,3,4,1,2014.0,2016-10-31,2016.0,359.0
135,14734,3,2,4,1,2013.0,2015-06-28,2015.0,337.0
136,14735,1,5,1,3,2019.0,2021-05-31,2021.0,180.0
137,14736,1,5,1,3,2019.0,2021-05-31,2021.0,297.0
138,14737,1,5,2,3,2020.0,2022-09-30,2022.0,278.0
139,14738,1,5,2,3,2020.0,2022-09-30,2022.0,246.0
140,14739,1,5,1,3,2019.0,2021-06-30,2021.0,443.0
141,14740,1,5,1,3,2019.0,2021-06-30,2021.0,151.0
142,14741,1,5,1,3,,,,
143,14742,1,5,1,3,,,,
144,14743,1,5,1,3,,,,
145,14744,1,5,2,2,2022.0,2024-05-31,2024.0,484.0
146,14744,2,5,2,2,2020.0,2022-03-31,2022.0,455.0
147,14744,3,3,4,1,2016.0,2018-11-30,2018.0,394.0
148,14744,4,2,4,1,2014.0,2016-10-31,2016.0,340.0
149,14745,1,5,1,3,2019.0,2021-06-30,2021.0,574.0
150,14746,1,5,1,1,2020.0,2022-09-30,2022.0,386.0
151,14747,1,5,1,1,2019.0,2021-10-31,2021.0,473.0
152,14748,1,5,2,2,2019.0,2021-11-30,2021.0,373.0
153,14749,1,5,1,1,2022.0,2024-03-31,2024.0,597.0
154,14749,2,5,1,3,2019.0,2021-07-31,2021.0,530.0
155,14750,1,5,1,3,2019.0,2021-07-31,2021.0,570.0
156,14751,1,5,1,3,2019.0,2021-12-31,2021.0,697.0
157,14752,1,5,1,3,2019.0,2021-06-30,2021.0,673.0
158,14753,1,5,1,3,2019.0,2021-06-30,2021.0,521.0
159,14755,1,5,1,1,2018.0,2020-09-30,2020.0,640.0
160,14755,2,3,4,1,,,,
161,14756,1,5,1,2,2020.0,2022-02-28,2022.0,289.0
162,14756,2,3,4,3,2016.0,2018-09-06,2018.0,348.0
163,14757,1,3,4,2,,,,
164,14757,2,3,4,3,2015.0,2017-12-31,2017.0,601.0
165,14758,1,5,1,2,2019.0,2021-11-30,2021.0,444.0
166,14759,1,5,1,3,2019.0,2021-12-31,2021.0,400.0
167,14760,1,5,1,3,2019.0,2021-12-31,2021.0,436.0
168,14761,1,5,1,3,2019.0,2021-12-31,2021.0,544.0
169,14762,1,5,1,3,,,,
170,14763,1,5,1,3,2019.0,2021-12-31,2021.0,571.0
171,14764,1,5,1,3,2019.0,2021-07-31,2021.0,463.0
172,14765,1,5,1,2,2019.0,2021-10-31,2021.0,442.0
173,14766,1,5,2,1,2022.0,2024-04-30,2024.0,639.0
174,14766,2,5,2,2,2019.0,2021-11-30,2021.0,635.0
175,14766,3,3,4,3,2017.0,2019-02-28,2019.0,630.0
176,14767,1,5,2,3,2019.0,2021-02-28,2021.0,503.0
177,14768,1,5,2,3,2019.0,2021-02-28,2021.0,398.0
178,14769,1,5,2,3,2019.0,2021-02-28,2021.0,518.0
179,14771,1,5,2,1,2019.0,2021-11-30,2021.0,408.0
180,14772,1,5,1,1,2019.0,2021-12-31,2021.0,290.0
181,14772,2,3,4,3,,,,
182,14773,1,5,2,1,2022.0,2024-08-31,2024.0,569.0
183,14773,2,5,2,2,2019.0,2021-10-31,2021.0,529.0
184,14773,3,3,4,3,2017.0,2019-04-30,2019.0,427.0
185,14775,1,5,2,3,2018.0,2020-12-31,2020.0,642.0
186,14776,1,5,1,3,2018.0,2020-12-31,2020.0,644.0
187,14777,1,5,1,3,2018.0,2020-12-31,2020.0,716.0
188,14777,2,3,4,3,2017.0,2019-05-30,2019.0,777.0
189,14778,1,5,1,3,2020.0,2022-02-28,2022.0,631.0
190,14779,1,5,2,2,2024.0,2026-02-28,2026.0,446.0
191,14779,2,5,2,2,2020.0,2022-01-31,2022.0,356.0
192,14779,3,3,4,1,2016.0,2018-11-30,2018.0,272.0
193,14782,1,5,1,3,2019.0,2021-12-31,2021.0,583.0
194,14783,1,5,1,3,2019.0,2021-12-31,2021.0,508.0
195,14784,1,5,1,3,2019.0,2021-12-31,2021.0,658.0
196,14788,1,5,2,2,2021.0,2023-12-31,2023.0,371.0
197,14788,2,5,2,2,2020.0,2022-01-31,2022.0,318.0
198,14790,1,5,2,2,2020.0,2022-02-28,2022.0,230.0
199,14792,1,5,1,2,2019.0,2021-11-30,2021.0,349.0
200,14793,1,5,1,2,,,,
201,14794,1,5,1,2,2020.0,2022-04-30,2022.0,411.0
202,14794,2,3,4,3,2016.0,2018-09-06,2018.0,505.0
203,14795,1,5,2,2,2020.0,2022-04-30,2022.0,660.0
204,14795,2,3,4,1,,,,
205,14796,1,5,2,2,2023.0,2025-12-31,2025.0,554.0
206,14796,2,5,1,1,2021.0,2023-12-31,2023.0,493.0
207,14796,3,5,1,2,2019.0,2021-12-31,2021.0,310.0
208,14797,1,5,1,3,2019.0,2021-11-30,2021.0,609.0
209,14798,1,5,1,1,2019.0,2021-12-31,2021.0,473.0
210,14799,1,5,1,3,,,,
211,14801,1,5,1,3,2019.0,2021-10-31,2021.0,477.0
212,14802,1,5,1,3,2019.0,2021-10-31,2021.0,775.0
213,14803,1,5,1,3,2019.0,2021-10-31,2021.0,540.0
214,14804,1,5,1,3,2019.0,2021-10-31,2021.0,498.0
215,14805,1,5,2,1,2022.0,2024-05-31,2024.0,453.0
216,14805,2,5,2,2,2019.0,2021-12-31,2021.0,450.0
217,14806,1,5,1,2,2019.0,2021-12-31,2021.0,508.0
218,14807,1,5,1,3,2019.0,2021-11-30,2021.0,487.0
219,14808,1,5,1,3,2019.0,2021-11-30,2021.0,444.0
220,14809,1,5,2,1,2023.0,2025-01-31,2025.0,479.0
221,14809,2,5,2,2,2020.0,2022-01-31,2022.0,454.0
222,14810,1,5,1,3,2019.0,2021-11-30,2021.0,395.0
223,14811,1,5,1,2,2017.0,2019-12-31,2019.0,153.0
224,14812,1,5,2,2,,,,
225,14812,2,5,2,1,2022.0,2024-01-31,2024.0,560.0
226,14812,3,5,2,2,2020.0,2022-04-30,2022.0,554.0
227,14813,1,5,1,2,,,,
228,14814,1,5,1,3,,,,
229,14814,2,3,4,3,2016.0,2018-08-31,2018.0,653.0
230,14815,1,5,1,2,,,,
231,14816,1,5,1,3,2023.0,2025-06-30,2025.0,549.0
232,14816,2,5,1,1,2019.0,2021-12-31,2021.0,521.0
233,14816,3,3,4,1,2017.0,2019-10-31,2019.0,546.0
234,14817,1,5,1,1,2019.0,2021-12-31,2021.0,288.0
235,14818,1,5,1,3,2021.0,2023-05-31,2023.0,437.0
236,14818,2,5,1,2,2018.0,2020-07-31,2020.0,489.0
237,14818,3,3,4,1,2016.0,2018-01-31,2018.0,405.0
238,14819,1,5,1,3,2019.0,2021-03-30,2021.0,702.0
239,14820,1,5,1,3,2018.0,2020-10-30,2020.0,577.0
240,14821,1,5,1,3,2018.0,2020-07-31,2020.0,728.0
241,14822,1,5,1,3,2019.0,2021-03-30,2021.0,482.0
242,14824,1,5,2,1,2018.0,2020-09-30,2020.0,557.0
243,14824,2,3,4,1,2015.0,2017-02-28,2017.0,497.0
244,14825,1,5,1,3,2019.0,2021-03-30,2021.0,627.0
245,14826,1,5,1,3,2019.0,2021-03-30,2021.0,654.0
246,14828,1,5,1,3,,,,
247,14829,1,5,1,3,,,,
248,14830,1,5,1,3,2018.0,2020-10-30,2020.0,293.0
249,14831,1,5,1,3,2018.0,2020-10-30,2020.0,748.0
250,14832,1,5,1,3,2018.0,2020-10-30,2020.0,539.0
251,14833,1,5,1,3,,,,
252,14834,1,5,2,3,2019.0,2021-03-30,2021.0,393.0
253,14835,1,5,1,3,2018.0,2020-10-30,2020.0,258.0
254,14836,1,5,2,2,,,,
255,14836,2,5,1,3,,,,
256,14837,1,5,1,2,2022.0,2024-09-30,2024.0,375.0
257,14837,2,5,1,3,,,,
258,14838,1,5,1,3,2018.0,2020-04-30,2020.0,568.0
259,14839,1,5,1,3,2019.0,2021-03-30,2021.0,605.0
260,14840,1,5,1,3,2018.0,2020-10-30,2020.0,488.0
261,14841,1,5,1,3,2019.0,2021-03-30,2021.0,603.0
262,14843,1,5,1,3,2017.0,2019-07-31,2019.0,483.0
263,14844,1,5,1,3,2017.0,2019-07-31,2019.0,400.0
264,14845,1,5,1,3,,,,
265,14846,1,5,2,1,2017.0,2019-12-30,2019.0,408.0
266,14847,1,5,1,3,2017.0,2019-09-30,2019.0,836.0
267,14849,1,5,2,2,2023.0,2025-12-31,2025.0,583.0
268,14849,2,5,2,2,2021.0,2023-03-31,2023.0,555.0
269,14849,3,5,1,3,2018.0,2020-10-30,2020.0,639.0
270,14850,1,5,1,1,2018.0,2020-09-30,2020.0,470.0
271,14850,2,2,4,1,2014.0,2016-12-31,2016.0,369.0
272,14851,1,5,1,3,2021.0,2023-12-10,2023.0,377.0
273,14851,2,5,1,3,2018.0,2020-04-30,2020.0,549.0
274,14852,1,5,1,3,,,,
275,14853,1,5,1,1,2020.0,2022-09-30,2022.0,674.0
276,14853,2,5,2,1,2018.0,2020-04-30,2020.0,647.0
277,14853,3,3,4,1,2015.0,2017-06-30,2017.0,617.0
278,14853,4,2,4,1,2012.0,2014-12-30,2014.0,662.0
279,14854,1,5,1,3,,,,
280,14855,1,5,1,1,2018.0,2020-05-30,2020.0,406.0
281,14855,2,5,1,1,2018.0,2020-05-31,2020.0,406.0
282,14855,3,2,4,1,2011.0,2013-12-30,2013.0,427.0
283,14857,1,5,1,3,2021.0,2023-07-31,2023.0,440.0
284,14857,2,5,1,2,2018.0,2020-04-30,2020.0,459.0
285,14857,3,3,4,1,2016.0,2018-01-31,2018.0,449.0
286,14857,4,3,4,1,2012.0,2014-09-10,2014.0,289.0
287,14858,1,5,1,3,,,,
288,14859,1,5,1,3,2018.0,2020-04-30,2020.0,443.0
289,14859,2,3,4,3,2013.0,2015-12-31,2015.0,446.0
290,14860,1,5,1,3,,,,
291,14861,1,5,1,3,2018.0,2020-10-30,2020.0,458.0
292,14862,1,5,1,3,2018.0,2020-10-30,2020.0,426.0
293,14863,1,5,1,3,2021.0,2023-05-31,2023.0,409.0
294,14863,2,5,1,2,2018.0,2020-04-30,2020.0,418.0
295,14863,3,3,4,1,2016.0,2018-01-31,2018.0,403.0
296,14863,4,3,4,1,2012.0,2014-11-30,2014.0,267.0
297,14864,1,5,1,1,2018.0,2020-03-31,2020.0,506.0
298,14864,2,2,4,1,2013.0,2015-12-31,2015.0,614.0
299,14865,1,5,1,3,,,,
300,14866,1,5,1,1,2018.0,2020-05-31,2020.0,507.0
301,14867,1,5,1,3,2017.0,2019-07-31,2019.0,373.0
302,14868,1,5,1,3,2018.0,2020-10-30,2020.0,643.0
303,14869,1,5,1,2,2022.0,2024-03-31,2024.0,512.0
304,14869,2,5,1,3,,,,
305,14870,1,5,2,2,2022.0,2024-08-31,2024.0,504.0
306,14870,2,5,2,2,2018.0,2020-04-30,2020.0,430.0
307,14871,1,5,1,3,2018.0,2020-04-30,2020.0,531.0
308,14872,1,5,2,3,2018.0,2020-10-30,2020.0,208.0
309,14873,1,5,1,3,2018.0,2020-10-30,2020.0,473.0
310,14874,1,5,1,3,2018.0,2020-04-30,2020.0,437.0
311,14875,1,5,1,3,,,,
312,14876,1,3,4,1,2017.0,2019-10-31,2019.0,451.0
313,14876,2,3,4,1,2014.0,2016-10-31,2016.0,458.0
314,14877,1,5,1,3,2018.0,2020-10-31,2020.0,417.0
315,14878,1,5,2,2,2018.0,2020-05-30,2020.0,632.0
316,14879,1,5,1,3,,,,
317,14880,1,5,1,1,2018.0,2020-01-30,2020.0,500.0
318,14880,2,5,2,1,2016.0,2018-01-31,2018.0,500.0
319,14881,1,3,4,3,2017.0,2019-09-30,2019.0,598.0
320,14882,1,5,1,1,2020.0,2022-08-31,2022.0,537.0
321,14882,2,3,4,1,2015.0,2017-05-31,2017.0,386.0
322,14884,1,5,1,3,2018.0,2020-04-30,2020.0,482.0
323,14885,1,3,4,3,2018.0,2020-03-30,2020.0,690.0
324,14886,1,5,1,3,2019.0,2021-02-28,2021.0,
325,14887,1,3,4,1,2018.0,2020-11-30,2020.0,476.0
326,14887,2,3,4,3,2015.0,2017-05-31,2017.0,367.0
327,14888,1,5,1,3,2019.0,2021-03-31,2021.0,
328,14889,1,5,1,1,2018.0,2020-12-31,2020.0,304.0
329,14891,1,5,1,1,2021.0,2023-11-30,2023.0,191.0
330,14891,2,5,1,1,2021.0,2023-04-30,2023.0,151.0
331,14891,3,5,1,1,2016.0,2018-05-31,2018.0,141.0
332,14893,1,5,2,2,2021.0,2023-06-30,2023.0,616.0
333,14893,2,5,1,1,2018.0,2020-09-30,2020.0,517.0
334,14894,1,5,1,2,2018.0,2020-01-31,2020.0,495.0
335,14895,1,3,4,2,2015.0,2017-09-30,2017.0,496.0
336,14895,2,1,4,1,2010.0,2012-09-30,2012.0,
337,14895,3,2,4,1,2012.0,2014-04-30,2014.0,
338,14895,4,5,2,2,2022.0,2024-06-30,2024.0,583.0
339,14895,5,3,4,2,2018.0,2020-03-31,2020.0,
340,14896,1,3,4,2,2018.0,2020-10-31,2020.0,443.0
341,14896,2,3,4,3,2015.0,2017-05-31,2017.0,428.0
342,14897,1,5,1,1,2018.0,2020-10-31,2020.0,591.0
343,14898,1,3,4,1,2019.0,2021-02-28,2021.0,528.0
344,14898,2,3,4,3,2015.0,2017-12-31,2017.0,447.0
345,14899,1,5,1,3,2019.0,2021-02-28,2021.0,
346,14900,1,5,1,1,2022.0,2024-01-31,2024.0,410.0
347,14900,2,5,1,1,2018.0,2020-12-31,2020.0,406.0
348,14901,1,5,1,1,2021.0,2023-10-31,2023.0,463.0
349,14901,2,5,1,1,2018.0,2020-10-31,2020.0,441.0
350,14902,1,5,1,1,2018.0,2020-03-31,2020.0,300.0
351,14903,1,5,1,1,2021.0,2023-05-31,2023.0,391.0
352,14903,2,3,4,1,2018.0,2020-05-31,2020.0,649.0
353,14903,3,3,4,1,,,,
354,14903,4,2,4,1,,,,
355,14904,1,4,3,2,2018.0,2020-10-31,2020.0,588.0
356,14905,1,5,1,1,2018.0,2020-09-20,2020.0,603.0
357,14905,2,3,4,1,2015.0,2017-05-31,2017.0,448.0
358,14906,1,5,1,1,2018.0,2020-12-31,2020.0,424.0
359,14907,1,5,2,2,,,,
360,14907,2,5,2,2,2021.0,2023-08-31,2023.0,403.0
361,14907,3,5,1,1,2018.0,2020-12-31,2020.0,336.0
362,14908,1,5,1,1,2018.0,2020-12-31,2020.0,480.0
363,14909,1,5,1,1,2022.0,2024-01-31,2024.0,554.0
364,14909,2,5,1,1,2018.0,2020-10-31,2020.0,479.0
365,14910,1,5,1,1,2018.0,2020-12-31,2020.0,581.0
366,14910,2,3,4,3,2014.0,2016-09-15,2016.0,528.0
367,14911,1,5,1,1,2018.0,2020-09-30,2020.0,216.0
368,14912,1,5,1,1,2018.0,2020-12-31,2020.0,331.0
369,14913,1,5,1,1,2018.0,2020-10-31,2020.0,248.0
370,14914,1,3,4,1,2018.0,2020-04-30,2020.0,783.0
371,14916,1,5,1,3,2019.0,2021-02-28,2021.0,
372,14917,1,5,2,2,2018.0,2020-03-30,2020.0,631.0
373,14917,2,3,4,1,2015.0,2017-01-31,2017.0,502.0
374,14917,3,3,4,1,2013.0,2015-02-28,2015.0,480.0
375,14918,1,5,1,1,2018.0,2020-12-31,2020.0,312.0
376,14919,1,5,2,2,2023.0,2025-10-31,2025.0,399.0
377,14919,2,5,2,3,2021.0,2023-07-31,2023.0,447.0
378,14919,3,5,1,1,2018.0,2020-11-30,2020.0,457.0
379,14919,4,3,4,1,2014.0,2016-03-25,2016.0,510.0
380,14920,1,3,4,3,2015.0,2017-05-31,2017.0,388.0
381,14921,1,5,1,3,,,,
382,14923,1,3,4,3,2018.0,2020-09-30,2020.0,625.0
383,14924,1,3,4,3,2018.0,2020-03-30,2020.0,745.0
384,14925,1,5,2,2,2022.0,2024-09-30,2024.0,575.0
385,14925,2,5,2,2,2020.0,2022-06-30,2022.0,482.0
386,14925,3,3,4,1,2017.0,2019-09-30,2019.0,623.0
387,14926,1,5,1,2,,,,
388,14927,1,5,2,3,2020.0,2022-02-28,2022.0,872.0
389,14928,1,4,3,2,2020.0,2022-01-31,2022.0,567.0
390,14928,2,4,3,1,2017.0,2019-08-31,2019.0,487.0
391,14929,1,5,1,1,2023.0,2025-01-31,2025.0,440.0
392,14929,2,5,1,1,,,,
393,14930,1,5,2,3,,,,
394,14931,1,5,2,3,2019.0,2021-12-31,2021.0,847.0
395,14932,1,5,2,1,2020.0,2022-03-31,2022.0,327.0
396,14933,1,5,1,2,2020.0,2022-01-31,2022.0,332.0
397,14934,1,5,1,1,2020.0,2022-03-31,2022.0,317.0
398,14936,1,5,1,2,2020.0,2022-03-31,2022.0,442.0
399,14937,1,5,1,3,2020.0,2022-02-28,2022.0,601.0
400,14938,1,5,2,2,,,,
401,14938,2,5,2,2,2020.0,2022-01-31,2022.0,790.0
402,14938,3,5,2,2,2018.0,2020-01-30,2020.0,604.0
403,14938,4,3,4,1,2015.0,2017-12-31,2017.0,374.0
404,14939,1,5,1,2,2020.0,2022-05-31,2022.0,488.0
405,14940,1,5,2,1,2023.0,2025-01-31,2025.0,642.0
406,14940,2,5,2,2,2020.0,2022-02-28,2022.0,533.0
407,14941,1,5,1,3,2020.0,2022-02-28,2022.0,751.0
408,14942,1,5,1,2,2020.0,2022-03-31,2022.0,312.0
409,14942,2,3,4,3,2015.0,2017-09-30,2017.0,416.0
410,14943,1,5,2,1,2020.0,2022-07-31,2022.0,246.0
411,14944,1,5,2,3,2023.0,2025-02-28,2025.0,406.0
412,14944,2,5,2,3,2019.0,2021-12-31,2021.0,556.0
413,14944,3,3,4,1,2015.0,2017-08-31,2017.0,327.0
414,14945,1,5,2,3,2019.0,2021-12-31,2021.0,557.0
415,14945,2,3,4,1,2015.0,2017-06-30,2017.0,348.0
416,14945,3,2,4,1,,,,482.0
417,14946,1,5,1,1,2020.0,2022-03-31,2022.0,435.0
418,14947,1,5,2,3,2023.0,2025-02-28,2025.0,251.0
419,14947,2,5,1,3,2019.0,2021-12-31,2021.0,426.0
420,14947,3,3,4,1,2015.0,2017-06-30,2017.0,438.0
421,14948,1,5,1,1,2020.0,2022-03-31,2022.0,502.0
422,14949,1,5,2,2,2023.0,2025-11-30,2025.0,494.0
423,14949,2,5,2,2,2022.0,2024-03-31,2024.0,527.0
424,14949,3,5,2,1,2020.0,2022-03-31,2022.0,520.0
425,14949,4,5,2,2,2019.0,2021-01-31,2021.0,432.0
426,14949,5,3,4,1,2016.0,2018-03-31,2018.0,541.0
427,14949,6,3,4,1,2012.0,2014-10-30,2014.0,575.0
428,14950,1,5,1,1,2020.0,2022-02-28,2022.0,457.0
429,14951,1,5,1,2,2019.0,2021-12-31,2021.0,344.0
430,14953,1,5,1,1,2020.0,2022-09-30,2022.0,202.0
431,14954,1,5,2,2,2020.0,2022-11-30,2022.0,346.0
432,14954,2,3,4,1,2017.0,2019-07-31,2019.0,428.0
433,14955,1,5,2,2,,,,
434,14955,2,5,2,1,2022.0,2024-04-30,2024.0,580.0
435,14955,3,5,2,1,2021.0,2023-11-30,2023.0,541.0
436,14955,4,5,2,1,2020.0,2022-05-31,2022.0,506.0
437,14956,1,5,1,3,2020.0,2022-02-28,2022.0,303.0
438,14959,1,5,1,3,2020.0,2022-01-31,2022.0,244.0
439,14960,1,5,2,3,2022.0,2024-06-01,2024.0,568.0
440,14960,2,5,1,3,2020.0,2022-01-31,2022.0,334.0
441,14961,1,5,1,1,2020.0,2022-04-30,2022.0,525.0
442,14962,1,5,2,2,2023.0,2025-05-31,2025.0,663.0
443,14962,2,5,2,2,2020.0,2022-10-31,2022.0,584.0
444,14963,1,5,1,1,2020.0,2022-05-31,2022.0,443.0
445,14964,1,5,1,1,2020.0,2022-05-31,2022.0,495.0
446,14964,2,3,4,1,2016.0,2018-03-31,2018.0,577.0
447,14964,3,3,4,1,2012.0,2014-09-30,2014.0,563.0
448,14965,1,5,1,3,2020.0,2022-02-28,2022.0,531.0
449,14966,1,5,1,3,2020.0,2022-01-31,2022.0,464.0
450,14966,2,3,4,1,2015.0,2017-11-30,2017.0,382.0
451,14967,1,5,1,3,2023.0,2025-07-31,2025.0,592.0
452,14967,2,5,1,3,2020.0,2022-01-31,2022.0,686.0
453,14967,3,3,4,1,2014.0,2016-03-31,2016.0,563.0
454,14968,1,5,1,3,2020.0,2022-01-31,2022.0,642.0
455,14969,1,5,1,3,2020.0,2022-02-28,2022.0,339.0
456,14970,1,5,1,3,2018.0,2020-02-25,2020.0,353.0
457,14971,1,5,1,3,2020.0,2022-02-25,2022.0,386.0
458,14972,1,5,1,2,2020.0,2022-07-31,2022.0,247.0
459,14973,1,5,2,2,2023.0,2025-12-31,2025.0,475.0
460,14973,2,5,2,2,2020.0,2022-09-30,2022.0,392.0
461,14974,1,5,1,1,2020.0,2022-05-31,2022.0,386.0
462,14975,1,5,1,3,2023.0,2025-09-28,2025.0,412.0
463,14975,2,5,1,1,2020.0,2022-05-31,2022.0,438.0
464,14975,3,5,1,1,2017.0,2019-10-30,2019.0,451.0
465,14976,1,5,2,3,2019.0,2021-12-31,2021.0,619.0
466,14977,1,5,2,3,2019.0,2021-12-31,2021.0,615.0
467,14978,1,5,2,3,2019.0,2021-12-31,2021.0,777.0
468,14979,1,5,2,3,2019.0,2021-12-31,2021.0,744.0
469,14980,1,5,2,2,2020.0,2022-08-31,2022.0,380.0
470,14981,1,5,2,1,2022.0,2024-10-31,2024.0,547.0
471,14981,2,5,1,1,2020.0,2022-05-31,2022.0,465.0
472,14982,1,5,2,3,2019.0,2021-12-31,2021.0,769.0
473,14983,1,5,2,3,2019.0,2021-12-31,2021.0,507.0
474,14985,1,5,1,3,2019.0,2021-12-31,2021.0,551.0
475,14986,1,5,1,3,2019.0,2021-12-31,2021.0,571.0
476,14987,1,5,1,3,2019.0,2021-12-31,2021.0,674.0
477,14988,1,5,1,1,2020.0,2022-09-30,2022.0,205.0
478,14989,1,5,1,2,2023.0,2025-11-30,2025.0,493.0
479,14989,2,5,1,1,2020.0,2022-07-31,2022.0,489.0
480,14991,1,5,1,3,2020.0,2022-11-13,2022.0,356.0
481,14992,1,5,1,3,2020.0,2022-11-13,2022.0,171.0
482,14993,1,5,1,1,,,,
483,14993,2,3,4,3,2015.0,2017-05-31,2017.0,522.0
484,14994,1,5,2,3,2019.0,2021-10-31,2021.0,446.0
485,14994,2,3,4,1,,,,
486,14995,1,5,2,3,2019.0,2021-10-31,2021.0,390.0
487,14995,2,3,4,3,2015.0,2017-10-31,2017.0,384.0
488,14996,1,5,2,3,2019.0,2021-10-31,2021.0,529.0
489,14996,2,3,4,3,2013.0,2015-10-31,2015.0,398.0
490,14997,1,5,1,2,2020.0,2022-05-31,2022.0,376.0
491,14998,1,5,2,2,2022.0,2024-12-31,2024.0,609.0
492,14998,2,5,2,2,2020.0,2022-08-31,2022.0,577.0
493,15515,1,5,1,1,2020.0,2022-10-31,2022.0,315.0
494,15520,1,5,1,1,2020.0,2022-05-31,2022.0,402.0
495,15525,1,5,1,1,2020.0,2022-05-31,2022.0,380.0
496,15588,1,5,1,2,2020.0,2022-09-30,2022.0,510.0
497,15653,1,5,1,1,2020.0,2022-07-31,2022.0,348.0
498,15717,1,5,2,2,2020.0,2022-08-31,2022.0,423.0
499,15795,1,5,1,1,2020.0,2022-07-31,2022.0,382.0
500,16161,1,5,1,3,2020.0,2022-05-31,2022.0,520.0
501,17165,1,5,1,1,2020.0,2022-07-31,2022.0,504.0
502,17277,1,5,2,1,,,,
503,17818,1,5,1,3,2020.0,2022-03-31,2022.0,305.0
504,17821,1,5,1,3,2020.0,2022-05-31,2022.0,519.0
505,17841,1,5,1,1,2020.0,2022-08-31,2022.0,422.0
506,18100,1,5,1,1,2020.0,2022-08-31,2022.0,717.0
507,18100,2,3,4,3,2017.0,2019-02-28,2019.0,707.0
508,18598,1,5,2,2,,,,
509,18598,2,5,1,2,2020.0,2022-10-31,2022.0,239.0
510,18750,1,5,1,1,2018.0,2020-06-30,2020.0,507.0
511,19081,1,5,2,1,2020.0,2022-10-31,2022.0,707.0
512,19081,2,3,4,1,2017.0,2019-11-30,2019.0,653.0
513,19131,1,5,1,1,2020.0,2022-10-31,2022.0,300.0
514,19279,1,5,2,2,2019.0,2021-01-30,2021.0,418.0
515,19282,1,5,2,2,2019.0,2021-01-30,2021.0,626.0
516,19285,1,5,2,2,2019.0,2021-01-30,2021.0,472.0
517,19534,1,5,1,3,2020.0,2022-08-31,2022.0,503.0
518,19534,2,3,4,1,2014.0,2016-10-31,2016.0,528.0
519,19536,1,5,1,3,2020.0,2022-09-30,2022.0,497.0
520,19536,2,3,4,3,2013.0,2015-12-31,2015.0,485.0
521,19538,1,5,1,3,2020.0,2022-09-30,2022.0,438.0
522,19540,1,5,1,3,2020.0,2022-09-30,2022.0,422.0
523,19542,1,5,1,1,2021.0,2023-10-31,2023.0,258.0
524,19542,2,5,1,1,,,,
525,19684,1,5,2,3,2020.0,2022-06-30,2022.0,747.0
526,19684,2,3,4,1,2017.0,2019-01-31,2019.0,749.0
527,19686,1,5,2,3,2022.0,2024-11-30,2024.0,498.0
528,19686,2,5,2,3,2020.0,2022-06-30,2022.0,399.0
529,19688,1,5,2,3,2020.0,2022-06-30,2022.0,383.0
530,19776,1,5,2,1,2020.0,2022-10-31,2022.0,357.0
531,19870,1,5,2,2,2021.0,2023-02-28,2023.0,312.0
532,19870,2,3,4,3,2014.0,2016-09-15,2016.0,542.0
533,20027,1,5,2,2,2021.0,2023-02-28,2023.0,669.0
534,20027,2,3,4,1,2017.0,2019-02-28,2019.0,712.0
535,20027,3,3,4,1,2014.0,2016-10-31,2016.0,633.0
536,20244,1,5,2,3,2019.0,2021-05-31,2021.0,152.0
537,20289,1,5,2,2,2021.0,2023-05-31,2023.0,370.0
538,20441,1,5,2,3,2020.0,2022-09-30,2022.0,467.0
539,20445,1,5,2,3,2020.0,2022-09-30,2022.0,441.0
540,20449,1,5,2,3,2020.0,2022-09-30,2022.0,411.0
541,20569,1,5,1,1,2021.0,2023-02-28,2023.0,539.0
542,20569,2,3,4,1,2015.0,2017-09-30,2017.0,396.0
543,21191,1,5,2,1,2021.0,2023-01-31,2023.0,267.0
544,21406,1,5,2,1,2020.0,2022-12-31,2022.0,372.0
545,21406,2,5,2,2,2018.0,2020-10-31,2020.0,254.0
546,21570,1,5,1,2,2024.0,2026-02-28,2026.0,427.0
547,21570,2,5,1,2,2021.0,2023-01-31,2023.0,331.0
548,21623,1,5,2,2,2023.0,2025-02-28,2025.0,517.0
549,21623,2,5,2,2,2021.0,2023-01-31,2023.0,432.0
550,22084,1,5,1,2,2020.0,2022-11-30,2022.0,496.0
551,22119,1,5,1,3,2020.0,2022-10-31,2022.0,680.0
552,22381,1,5,1,3,2020.0,2022-10-31,2022.0,653.0
553,22385,1,5,1,3,2020.0,2022-10-31,2022.0,722.0
554,22388,1,5,1,3,2020.0,2022-10-31,2022.0,848.0
555,22392,1,5,1,3,2020.0,2022-10-31,2022.0,760.0
556,22408,1,5,1,2,2020.0,2022-12-31,2022.0,357.0
557,22420,1,5,2,2,2021.0,2023-02-28,2023.0,370.0
558,22580,1,5,2,2,2021.0,2023-03-31,2023.0,324.0
559,22589,1,5,1,1,2021.0,2023-02-28,2023.0,300.0
560,22837,1,5,1,1,2021.0,2023-03-31,2023.0,344.0
561,23161,1,5,1,1,2021.0,2023-01-31,2023.0,316.0
562,23225,1,5,1,2,2021.0,2023-08-31,2023.0,719.0
563,23246,1,5,1,3,2023.0,2025-09-30,2025.0,464.0
564,23246,2,5,1,3,2021.0,2023-06-30,2023.0,386.0
565,23248,1,5,1,3,2021.0,2023-06-30,2023.0,308.0
566,23250,1,5,1,3,,,,
567,23252,1,5,1,3,,,,
568,23715,1,5,1,1,2023.0,2025-01-31,2025.0,458.0
569,23715,2,5,1,2,2021.0,2023-02-28,2023.0,526.0
570,24522,1,5,1,3,2021.0,2023-12-10,2023.0,364.0
571,24522,2,5,1,3,2018.0,2020-04-30,2020.0,549.0
572,24522,3,3,4,3,2014.0,2016-05-31,2016.0,567.0
573,24525,1,5,1,3,2021.0,2023-12-10,2023.0,451.0
574,24525,2,3,4,3,2014.0,2016-09-15,2016.0,533.0
575,24528,1,5,1,2,2021.0,2023-01-31,2023.0,371.0
576,24791,1,5,2,2,2023.0,2025-10-31,2025.0,367.0
577,24791,2,5,2,2,2021.0,2023-02-28,2023.0,306.0
578,24834,1,5,1,2,2023.0,2025-10-31,2025.0,363.0
579,24834,2,5,1,3,,,,
580,24840,1,5,1,3,,,,
581,24842,1,5,1,3,2021.0,2023-04-30,2023.0,733.0
582,24844,1,5,1,3,2021.0,2023-04-30,2023.0,298.0
583,24848,1,5,1,3,2021.0,2023-04-30,2023.0,502.0
584,24893,1,5,1,3,2020.0,2022-12-21,2022.0,325.0
585,24896,1,5,1,3,2021.0,2023-01-31,2023.0,257.0
586,24898,1,5,1,3,2020.0,2022-12-21,2022.0,194.0
587,24901,1,5,1,3,2020.0,2022-12-21,2022.0,266.0
588,24903,1,5,1,3,2020.0,2022-12-21,2022.0,344.0
589,25016,1,5,1,3,2020.0,2022-12-21,2022.0,314.0
590,25018,1,5,1,3,2020.0,2022-12-21,2022.0,263.0
591,25020,1,5,1,3,2020.0,2022-12-21,2022.0,266.0
592,25029,1,5,1,3,2020.0,2022-12-21,2022.0,256.0
593,25050,1,5,2,1,2023.0,2025-05-31,2025.0,476.0
594,25050,2,5,1,2,2021.0,2023-03-31,2023.0,405.0
595,25099,1,5,1,3,2020.0,2022-12-21,2022.0,354.0
596,25101,1,5,1,3,2020.0,2022-12-21,2022.0,319.0
597,25192,1,5,1,1,2021.0,2023-05-31,2023.0,535.0
598,25344,1,5,1,3,2020.0,2022-02-28,2022.0,377.0
599,25346,1,5,1,3,2020.0,2022-02-28,2022.0,573.0
600,25349,1,5,1,3,2020.0,2022-02-28,2022.0,421.0
601,25351,1,5,2,1,2022.0,2024-12-31,2024.0,677.0
602,25351,2,5,1,3,2020.0,2022-02-28,2022.0,687.0
603,25379,1,5,2,2,2023.0,2025-06-30,2025.0,416.0
604,25379,2,5,1,2,2021.0,2023-06-30,2023.0,302.0
605,25426,1,5,2,2,,,,
606,25426,2,5,1,3,,,,
607,25428,1,5,1,3,,,,
608,25435,1,5,1,3,2021.0,2023-04-30,2023.0,512.0
609,25482,1,5,1,1,2021.0,2023-02-28,2023.0,501.0
610,25485,1,5,2,2,2021.0,2023-02-28,2023.0,332.0
611,25791,1,5,2,2,2024.0,2026-02-28,2026.0,378.0
612,25791,2,5,2,2,2021.0,2023-04-30,2023.0,276.0
613,27428,1,5,1,3,2021.0,2023-01-31,2023.0,244.0
614,27430,1,5,1,3,2021.0,2023-01-31,2023.0,335.0
615,27432,1,5,1,3,2021.0,2023-01-31,2023.0,239.0
616,27489,1,5,2,2,2021.0,2023-10-31,2023.0,756.0
617,27489,2,3,4,1,2017.0,2019-03-31,2019.0,773.0
618,27489,3,3,4,1,2015.0,2017-03-31,2017.0,689.0
619,27489,4,2,4,1,2013.0,2015-03-31,2015.0,652.0
620,27524,1,5,1,1,2021.0,2023-02-28,2023.0,345.0
621,28515,1,3,4,1,,,,
622,28515,2,3,4,1,,,,
623,28515,3,1,4,1,,,,
624,29154,1,5,1,1,2021.0,2023-03-31,2023.0,342.0
625,29166,1,5,2,2,2021.0,2023-06-30,2023.0,300.0
626,29166,2,5,1,3,,,,
627,29214,1,5,1,1,2021.0,2023-04-30,2023.0,320.0
628,29635,1,3,4,1,,,,
629,29652,1,3,4,1,,,,
630,29652,2,1,4,1,,,,
631,29660,1,2,4,1,2013.0,2015-12-31,2015.0,604.0
632,29723,1,3,4,1,2017.0,2019-05-31,2019.0,473.0
633,29723,2,2,4,1,2014.0,2016-06-16,2016.0,440.0
634,29726,1,2,4,1,2014.0,2016-07-31,2016.0,680.0
635,29734,1,3,4,1,2017.0,2019-06-30,2019.0,407.0
636,29734,2,3,4,3,2014.0,2016-05-31,2016.0,568.0
637,29753,1,2,4,1,2013.0,2015-06-30,2015.0,564.0
638,29753,2,1,4,1,2011.0,2013-12-31,2013.0,469.0
639,29769,1,3,4,1,,,,
640,29802,1,5,1,2,2023.0,2025-08-31,2025.0,585.0
641,29802,2,5,1,1,2021.0,2023-04-30,2023.0,518.0
642,29802,3,5,1,1,2019.0,2021-01-31,2021.0,415.0
643,29813,1,3,4,1,2017.0,2019-08-31,2019.0,564.0
644,29821,1,3,4,1,2017.0,2019-09-30,2019.0,380.0
645,29832,1,3,4,1,2017.0,2019-05-31,2019.0,384.0
646,29850,1,5,1,3,2021.0,2023-04-30,2023.0,377.0
647,29889,1,4,3,1,2017.0,2019-08-31,2019.0,425.0
648,29892,1,3,4,1,2018.0,2020-08-31,2020.0,322.0
649,29892,2,3,4,3,2015.0,2017-12-31,2017.0,247.0
650,30038,1,3,4,3,2016.0,2018-09-30,2018.0,448.0
651,30047,1,3,4,3,,,,
652,30083,1,3,4,3,2016.0,2018-05-31,2018.0,475.0
653,30091,1,3,4,3,2016.0,2018-09-30,2018.0,330.0
654,30096,1,3,4,3,,,,
655,30100,1,3,4,3,2016.0,2018-05-31,2018.0,341.0
656,30106,1,3,4,3,,,,
657,30110,1,3,4,3,2017.0,2019-05-30,2019.0,593.0
658,30114,1,3,4,3,2017.0,2019-05-30,2019.0,616.0
659,30127,1,3,4,3,,,,
660,30132,1,3,4,3,2014.0,2016-10-31,2016.0,609.0
661,30139,1,3,4,3,2017.0,2019-05-30,2019.0,541.0
662,30144,1,3,4,3,2017.0,2019-03-31,2019.0,357.0
663,30147,1,5,1,3,2021.0,2023-07-31,2023.0,297.0
664,30149,1,5,1,3,2021.0,2023-07-31,2023.0,269.0
665,30151,1,5,1,3,2021.0,2023-07-31,2023.0,423.0
666,30153,1,5,1,3,2021.0,2023-07-31,2023.0,473.0
667,30156,1,5,1,3,2021.0,2023-07-31,2023.0,448.0
668,30299,1,3,4,3,2017.0,2019-11-30,2019.0,456.0
669,30305,1,3,4,3,2017.0,2019-11-30,2019.0,425.0
670,30309,1,3,4,3,2016.0,2018-09-30,2018.0,483.0
671,30317,1,3,4,3,2017.0,2019-05-30,2019.0,692.0
672,30321,1,3,4,3,2017.0,2019-08-30,2019.0,726.0
673,30326,1,5,1,3,2017.0,2019-07-31,2019.0,594.0
674,30333,1,5,1,3,2021.0,2023-04-30,2023.0,423.0
675,30337,1,5,1,3,,,,
676,30343,1,5,2,2,2023.0,2025-04-30,2025.0,632.0
677,30343,2,5,2,2,2021.0,2023-06-30,2023.0,562.0
678,30353,1,5,1,3,2017.0,2019-07-31,2019.0,621.0
679,30355,1,5,1,3,2017.0,2019-07-31,2019.0,371.0
680,30357,1,5,1,3,2017.0,2019-08-31,2019.0,303.0
681,30380,1,5,1,3,2021.0,2023-04-30,2023.0,413.0
682,30768,1,5,1,2,2021.0,2023-06-30,2023.0,273.0
683,30925,1,5,1,3,2017.0,2019-07-31,2019.0,415.0
684,30962,1,5,1,1,2021.0,2023-04-30,2023.0,580.0
685,30962,2,3,4,2,2016.0,2018-06-30,2018.0,671.0
686,30962,3,3,4,3,2015.0,2017-07-31,2017.0,468.0
687,31380,1,5,1,3,2021.0,2023-04-30,2023.0,310.0
688,32323,1,5,1,3,2021.0,2023-04-30,2023.0,281.0
689,32425,1,5,1,1,2021.0,2023-08-31,2023.0,344.0
690,32904,1,5,1,2,2023.0,2025-07-31,2025.0,498.0
691,32904,2,5,1,2,2021.0,2023-04-30,2023.0,418.0
692,32906,1,5,1,2,2021.0,2023-03-31,2023.0,284.0
693,32984,1,5,2,1,2021.0,2023-06-30,2023.0,342.0
694,32995,1,5,1,3,2021.0,2023-05-31,2023.0,503.0
695,32995,2,5,1,3,,,,
696,32995,3,3,4,1,2017.0,2019-03-31,2019.0,427.0
697,33004,1,5,1,2,2021.0,2023-07-31,2023.0,388.0
698,33062,1,5,1,3,2021.0,2023-05-31,2023.0,360.0
699,33071,1,5,1,3,2021.0,2023-05-31,2023.0,610.0
700,33279,1,5,1,3,2021.0,2023-05-31,2023.0,454.0
701,33281,1,5,1,2,2021.0,2023-09-30,2023.0,231.0
702,33611,1,5,1,3,2021.0,2023-05-31,2023.0,454.0
703,33857,1,5,2,3,,,,
704,33857,2,5,2,3,2021.0,2023-11-30,2023.0,232.0
705,33859,1,5,2,3,2021.0,2023-11-30,2023.0,414.0
706,33861,1,5,2,3,2021.0,2023-11-30,2023.0,353.0
707,33863,1,5,2,3,2021.0,2023-11-30,2023.0,285.0
708,34187,1,5,1,1,2021.0,2023-06-30,2023.0,300.0
709,34415,1,5,1,3,2021.0,2023-09-30,2023.0,390.0
710,34879,1,5,2,2,2022.0,2024-01-31,2024.0,464.0
711,34879,2,5,2,1,2019.0,2021-10-31,2021.0,455.0
712,34879,3,3,4,1,2016.0,2018-12-31,2018.0,439.0
713,34938,1,5,1,3,2021.0,2023-09-30,2023.0,239.0
714,34942,1,5,1,3,2021.0,2023-09-30,2023.0,321.0
715,34944,1,5,1,3,2021.0,2023-09-30,2023.0,310.0
716,35273,1,5,1,3,2023.0,2025-09-30,2025.0,447.0
717,35273,2,5,1,3,2021.0,2023-06-30,2023.0,381.0
718,35274,1,5,2,2,,,,
719,35274,2,5,2,2,2021.0,2023-06-30,2023.0,352.0
720,35275,1,5,1,3,,,,
721,35292,1,5,1,3,2023.0,2025-09-30,2025.0,368.0
722,35292,2,5,1,3,2021.0,2023-06-30,2023.0,351.0
723,35296,1,5,1,3,2023.0,2025-09-30,2025.0,647.0
724,35296,2,5,1,3,2021.0,2023-06-30,2023.0,625.0
725,35297,1,5,1,1,2021.0,2023-04-30,2023.0,428.0
726,35298,1,5,1,3,2021.0,2023-06-30,2023.0,333.0
727,35299,1,5,2,3,2021.0,2023-11-30,2023.0,467.0
728,35300,1,5,2,3,2020.0,2022-07-31,2022.0,142.0
729,35301,1,1,4,1,,,,
730,35302,1,5,2,1,2021.0,2023-04-30,2023.0,490.0
731,35304,1,5,1,2,2021.0,2023-03-31,2023.0,252.0
732,35305,1,5,1,3,2021.0,2023-07-31,2023.0,548.0
733,35306,1,5,2,1,,,,
734,35307,1,5,1,3,2023.0,2025-09-30,2025.0,248.0
735,35307,2,5,1,3,2021.0,2023-06-30,2023.0,259.0
736,35308,1,5,1,1,2020.0,2022-05-31,2022.0,398.0
737,35606,1,5,2,2,2023.0,2025-10-31,2025.0,547.0
738,35606,2,5,2,2,2021.0,2023-09-30,2023.0,470.0
739,35652,1,5,2,3,2021.0,2023-07-31,2023.0,373.0
740,35657,1,5,2,3,2021.0,2023-07-31,2023.0,410.0
741,35667,1,5,2,2,2023.0,2025-12-31,2025.0,327.0
742,35667,2,5,2,3,2021.0,2023-07-31,2023.0,291.0
743,35669,1,5,2,3,2021.0,2023-07-31,2023.0,455.0
744,35671,1,5,2,3,2021.0,2023-07-23,2023.0,277.0
745,35674,1,5,2,3,2021.0,2023-07-31,2023.0,291.0
746,35676,1,5,2,3,,,,
747,35678,1,5,2,3,2021.0,2023-07-31,2023.0,265.0
748,36506,1,3,4,3,2015.0,2017-12-31,2017.0,423.0
749,36525,1,3,4,3,2016.0,2018-01-31,2018.0,464.0
750,36527,1,2,4,3,2013.0,2015-12-31,2015.0,341.0
751,36531,1,3,4,3,2015.0,2017-12-31,2017.0,685.0
752,36533,1,2,4,1,2012.0,2014-12-31,2014.0,534.0
753,36536,1,3,4,3,2014.0,2016-11-30,2016.0,414.0
754,36543,1,3,4,1,2015.0,2017-06-30,2017.0,490.0
755,36546,1,2,4,3,2013.0,2015-06-30,2015.0,564.0
756,36548,1,2,4,3,2013.0,2015-12-31,2015.0,622.0
757,36556,1,2,4,1,2013.0,2015-12-31,2015.0,607.0
758,36608,1,5,1,1,2022.0,2024-01-31,2024.0,417.0
759,36656,1,3,4,3,2014.0,2016-02-28,2016.0,313.0
760,36659,1,3,4,3,2014.0,2016-07-31,2016.0,772.0
761,36662,1,5,1,3,2022.0,2024-11-30,2024.0,433.0
762,36662,2,3,4,3,2014.0,2016-05-31,2016.0,458.0
763,36666,1,3,4,3,2015.0,2017-05-31,2017.0,390.0
764,36671,1,3,4,3,2014.0,2016-03-31,2016.0,318.0
765,36677,1,3,4,1,2016.0,2018-08-31,2018.0,511.0
766,36684,1,3,4,3,2014.0,2016-12-30,2016.0,
767,36697,1,3,4,3,2012.0,2014-12-31,2014.0,494.0
768,36697,2,2,4,1,2011.0,2013-12-31,2013.0,418.0
769,36711,1,3,4,3,2015.0,2017-03-31,2017.0,486.0
770,36724,1,3,4,3,2012.0,2014-12-30,2014.0,580.0
771,36728,1,3,4,3,2014.0,2016-04-30,2016.0,619.0
772,36730,1,3,4,3,2014.0,2016-12-31,2016.0,332.0
773,36733,1,2,4,1,,,,
774,36736,1,2,4,1,2013.0,2015-06-30,2015.0,301.0
775,36746,1,2,4,1,2013.0,2015-12-31,2015.0,737.0
776,36749,1,3,4,3,2015.0,2017-07-31,2017.0,
777,36753,1,3,4,1,2016.0,2018-04-30,2018.0,432.0
778,36756,1,2,4,1,2012.0,2014-06-30,2014.0,489.0
779,36795,1,2,4,1,2011.0,2013-12-30,2013.0,622.0
780,36799,1,3,4,3,2014.0,2016-11-30,2016.0,612.0
781,36803,1,3,4,3,2014.0,2016-09-30,2016.0,497.0
782,36805,1,3,4,3,2014.0,2016-03-31,2016.0,605.0
783,36811,1,3,4,3,2015.0,2017-07-31,2017.0,399.0
784,36813,1,2,4,1,2013.0,2015-08-30,2015.0,375.0
785,36824,1,3,4,3,2014.0,2016-02-28,2016.0,510.0
786,36827,1,3,4,3,2014.0,2016-03-31,2016.0,588.0
787,36830,1,3,4,3,2016.0,2018-12-31,2018.0,597.0
788,36834,1,3,4,3,2014.0,2016-03-31,2016.0,599.0
789,36838,1,2,4,3,2014.0,2016-12-30,2016.0,302.0
790,36845,1,3,4,1,2014.0,2016-11-30,2016.0,408.0
791,36865,1,3,4,3,2014.0,2016-03-31,2016.0,605.0
792,36869,1,2,4,1,2011.0,2013-12-31,2013.0,609.0
793,36872,1,3,4,3,2015.0,2017-05-31,2017.0,682.0
794,36874,1,2,4,1,2013.0,2015-12-31,2015.0,323.0
795,36877,1,3,4,1,2015.0,2017-09-30,2017.0,334.0
796,36883,1,2,4,1,2011.0,2013-12-31,2013.0,477.0
797,36892,1,3,4,1,2016.0,2018-10-30,2018.0,433.0
798,36903,1,5,1,2,2022.0,2024-08-31,2024.0,531.0
799,36903,2,2,4,1,2011.0,2013-12-31,2013.0,549.0
800,36906,1,3,4,1,2016.0,2018-11-30,2018.0,368.0
801,36912,1,2,4,1,2013.0,2015-12-31,2015.0,474.0
802,36947,1,5,1,3,2021.0,2023-11-30,2023.0,295.0
803,36951,1,5,1,3,2021.0,2023-11-30,2023.0,353.0
804,36997,1,3,4,3,2014.0,2016-11-30,2016.0,591.0
805,37001,1,3,4,1,2015.0,2017-03-31,2017.0,395.0
806,37056,1,2,4,1,2012.0,2014-12-31,2014.0,491.0
807,37060,1,3,4,1,2016.0,2018-07-31,2018.0,446.0
808,37060,2,3,4,3,2014.0,2016-02-28,2016.0,391.0
809,37075,1,5,1,3,2021.0,2023-11-30,2023.0,324.0
810,37182,1,2,4,1,2013.0,2015-04-30,2015.0,646.0
811,37265,1,5,1,3,2021.0,2023-06-30,2023.0,499.0
812,37267,1,2,4,1,2011.0,2013-09-30,2013.0,456.0
813,37370,1,5,2,2,2021.0,2023-07-31,2023.0,486.0
814,37370,2,3,4,3,2015.0,2017-05-31,2017.0,420.0
815,37391,1,5,1,1,2021.0,2023-07-31,2023.0,418.0
816,37562,1,5,1,3,2021.0,2023-06-30,2023.0,496.0
817,37564,1,5,1,3,,,,
818,37564,2,3,4,3,2012.0,2014-06-30,2014.0,451.0
819,37618,1,5,1,3,2021.0,2023-05-31,2023.0,355.0
820,37700,1,3,4,1,2015.0,2017-05-31,2017.0,462.0
821,37702,1,3,4,1,2016.0,2018-11-30,2018.0,568.0
822,37702,2,2,4,3,2013.0,2015-12-31,2015.0,480.0
823,37705,1,3,4,1,2013.0,2015-11-30,2015.0,543.0
824,37707,1,3,4,1,2016.0,2018-06-30,2018.0,463.0
825,37707,2,3,4,1,2014.0,2016-03-24,2016.0,262.0
826,37715,1,3,4,1,2014.0,2016-04-25,2016.0,454.0
827,37740,1,3,4,1,2014.0,2016-03-31,2016.0,439.0
828,37744,1,5,1,1,2018.0,2020-10-30,2020.0,226.0
829,37746,1,2,4,1,2013.0,2015-02-28,2015.0,635.0
830,37748,1,3,4,1,2014.0,2016-03-24,2016.0,306.0
831,37751,1,2,4,1,2013.0,2015-12-30,2015.0,529.0
832,37753,1,2,4,1,2013.0,2015-12-31,2015.0,542.0
833,37755,1,3,4,1,2015.0,2017-03-31,2017.0,478.0
834,37758,1,3,4,1,2014.0,2016-10-31,2016.0,329.0
835,38079,1,2,4,1,2014.0,2016-12-31,2016.0,631.0
836,38079,2,2,4,1,2012.0,2014-12-31,2014.0,596.0
837,38094,1,2,4,1,2013.0,2015-12-31,2015.0,674.0
838,38098,1,3,4,3,2014.0,2016-11-30,2016.0,648.0
839,38102,1,3,4,1,2015.0,2017-08-31,2017.0,674.0
840,38102,2,3,4,1,2013.0,2015-12-31,2015.0,641.0
841,38102,3,3,4,1,2012.0,2014-12-31,2014.0,636.0
842,38107,1,3,4,1,2016.0,2018-12-30,2018.0,571.0
843,38110,1,2,4,1,2012.0,2014-12-31,2014.0,615.0
844,38145,1,2,4,3,2013.0,2015-12-30,2015.0,626.0
845,38148,1,5,1,1,2021.0,2023-08-31,2023.0,550.0
846,38148,2,3,4,3,2016.0,2018-05-31,2018.0,464.0
847,38150,1,5,1,1,2019.0,2021-09-30,2021.0,473.0
848,38374,1,3,4,1,2015.0,2017-11-30,2017.0,394.0
849,38378,1,2,4,1,2012.0,2014-12-31,2014.0,617.0
850,38607,1,5,1,3,2022.0,2024-03-31,2024.0,315.0
851,38663,1,5,1,3,2021.0,2023-05-31,2023.0,279.0
852,38692,1,3,4,1,2013.0,2015-12-31,2015.0,398.0
853,38694,1,3,4,1,2014.0,2016-08-31,2016.0,576.0
854,38704,1,3,4,1,2016.0,2018-07-30,2018.0,598.0
855,39029,1,5,2,2,2021.0,2023-10-31,2023.0,321.0
856,39034,1,5,1,1,2021.0,2023-08-31,2023.0,421.0
857,39550,1,5,1,3,2022.0,2024-03-31,2024.0,326.0
858,39616,1,5,1,3,2022.0,2024-03-31,2024.0,354.0
859,40111,1,5,1,1,2021.0,2023-11-30,2023.0,385.0
860,40119,1,5,2,1,2020.0,2022-11-30,2022.0,207.0
861,40169,1,5,1,3,2021.0,2023-07-31,2023.0,309.0
862,40219,1,5,1,3,2021.0,2023-05-31,2023.0,79.0
863,40298,1,5,2,2,2021.0,2023-09-30,2023.0,316.0
864,40573,1,5,1,1,2022.0,2024-02-29,2024.0,411.0
865,40588,1,5,2,2,2022.0,2024-01-31,2024.0,291.0
866,40822,1,5,2,2,2021.0,2023-11-30,2023.0,291.0
867,40871,1,3,4,1,2015.0,2017-06-30,2017.0,644.0
868,40874,1,3,4,1,2015.0,2017-03-31,2017.0,656.0
869,40880,1,3,4,1,2013.0,2015-12-31,2015.0,651.0
870,40892,1,5,1,3,2021.0,2023-08-31,2023.0,480.0
871,40894,1,5,1,2,2021.0,2023-10-31,2023.0,495.0
872,40896,1,5,1,3,2021.0,2023-08-31,2023.0,440.0
873,40899,1,5,1,3,2021.0,2023-08-31,2023.0,304.0
874,40968,1,3,4,1,2016.0,2018-01-31,2018.0,548.0
875,40970,1,5,2,3,2023.0,2025-02-28,2025.0,598.0
876,40970,2,3,4,2,2016.0,2018-06-30,2018.0,716.0
877,40970,3,3,4,2,2013.0,2015-06-30,2015.0,497.0
878,40970,4,2,4,1,2011.0,2013-12-30,2013.0,516.0
879,40974,1,2,4,1,2011.0,2013-12-30,2013.0,595.0
880,40976,1,3,4,1,2013.0,2015-06-30,2015.0,461.0
881,40981,1,3,4,1,2016.0,2018-06-30,2018.0,556.0
882,40983,1,5,2,3,2023.0,2025-01-31,2025.0,481.0
883,40983,2,3,4,1,2015.0,2017-11-30,2017.0,488.0
884,40985,1,3,4,3,2013.0,2015-12-31,2015.0,732.0
885,40985,2,2,4,2,2012.0,2014-12-30,2014.0,601.0
886,40988,1,3,4,1,2015.0,2017-12-31,2017.0,654.0
887,40988,2,3,4,3,2013.0,2015-12-30,2015.0,627.0
888,40994,1,3,4,1,2015.0,2017-12-31,2017.0,410.0
889,40996,1,3,4,3,2014.0,2016-03-31,2016.0,638.0
890,40996,2,2,4,1,2011.0,2013-09-28,2013.0,598.0
891,41022,1,5,1,1,2022.0,2024-01-31,2024.0,385.0
892,41039,1,3,4,1,2013.0,2015-12-31,2015.0,589.0
893,41043,1,3,4,1,2013.0,2015-12-31,2015.0,502.0
894,41043,2,2,4,1,2012.0,2014-12-31,2014.0,430.0
895,41051,1,3,4,3,2015.0,2017-12-31,2017.0,712.0
896,41057,1,2,4,1,2011.0,2013-12-31,2013.0,632.0
897,41060,1,3,4,3,2013.0,2015-06-30,2015.0,498.0
898,41064,1,3,4,2,2014.0,2016-10-31,2016.0,461.0
899,41070,1,3,4,1,2014.0,2016-11-30,2016.0,448.0
900,41075,1,3,4,1,2013.0,2015-06-30,2015.0,774.0
901,41078,1,3,4,1,2015.0,2017-08-31,2017.0,436.0
902,41207,1,3,4,1,2016.0,2018-10-31,2018.0,312.0
903,41207,2,3,4,1,2014.0,2016-04-26,2016.0,272.0
904,41207,3,3,4,1,2013.0,2015-06-30,2015.0,247.0
905,41212,1,3,4,1,2013.0,2015-12-30,2015.0,425.0
906,41214,1,3,4,3,2015.0,2017-09-30,2017.0,663.0
907,41216,1,3,4,1,2015.0,2017-07-30,2017.0,552.0
908,41321,1,5,1,3,2021.0,2023-10-31,2023.0,206.0
909,41402,1,5,1,3,2021.0,2023-10-31,2023.0,367.0
910,41522,1,5,1,3,2021.0,2023-10-31,2023.0,591.0
911,41902,1,5,1,1,2021.0,2023-11-30,2023.0,439.0
912,42107,1,5,1,1,,,,
913,44173,1,5,2,3,,,,286.0
914,44178,1,5,2,3,2019.0,2021-12-12,2021.0,224.0
915,44182,1,5,2,3,2021.0,2023-05-12,2023.0,452.0
916,44668,1,2,4,3,2012.0,2014-12-31,2014.0,427.0
917,44670,1,3,4,3,2016.0,2018-09-06,2018.0,521.0
918,44680,1,3,4,3,2014.0,2016-12-31,2016.0,331.0
919,44685,1,3,4,3,2013.0,2015-12-30,2015.0,269.0
920,44687,1,3,4,3,2015.0,2017-03-31,2017.0,645.0
921,44706,1,3,4,3,2015.0,2017-09-30,2017.0,627.0
922,44709,1,3,4,3,2015.0,2017-09-30,2017.0,543.0
923,44711,1,2,4,3,2013.0,2015-04-30,2015.0,501.0
924,44713,1,3,4,3,2014.0,2016-03-31,2016.0,484.0
925,44715,1,3,4,3,2015.0,2017-04-30,2017.0,531.0
926,44720,1,3,4,2,2021.0,2023-06-30,2023.0,510.0
927,44722,1,3,4,3,2015.0,2017-09-30,2017.0,370.0
928,44724,1,3,4,3,2015.0,2017-09-30,2017.0,710.0
929,44741,1,3,4,3,2015.0,2017-09-30,2017.0,639.0
930,44749,1,3,4,3,2015.0,2017-09-30,2017.0,762.0
931,44751,1,3,4,3,2015.0,2017-04-30,2017.0,428.0
932,44753,1,3,4,3,2014.0,2016-09-15,2016.0,630.0
933,44755,1,3,4,3,2015.0,2017-04-30,2017.0,504.0
934,44757,1,3,4,3,2014.0,2016-09-15,2016.0,616.0
935,44759,1,3,4,3,2016.0,2018-05-31,2018.0,408.0
936,44761,1,2,4,3,2013.0,2015-12-31,2015.0,424.0
937,44765,1,2,4,3,2013.0,2015-12-31,2015.0,718.0
938,44771,1,3,4,3,2017.0,2019-02-28,2019.0,260.0
939,44779,1,3,4,3,2014.0,2016-09-15,2016.0,622.0
940,44781,1,2,4,3,2013.0,2015-12-31,2015.0,227.0
941,44783,1,3,4,3,2015.0,2017-12-31,2017.0,613.0
942,44785,1,3,4,3,2012.0,2014-04-08,2014.0,619.0
943,44787,1,3,4,3,2014.0,2016-12-31,2016.0,443.0
944,44803,1,3,4,3,2015.0,2017-05-31,2017.0,290.0
945,44805,1,3,4,3,2016.0,2018-12-30,2018.0,581.0
946,44809,1,2,4,3,2013.0,2015-12-30,2015.0,325.0
947,44813,1,5,1,2,2022.0,2024-04-30,2024.0,367.0
948,44813,2,3,4,3,2012.0,2014-06-30,2014.0,360.0
949,44816,1,3,4,3,2017.0,2019-04-30,2019.0,377.0
950,44820,1,2,4,3,2013.0,2015-06-30,2015.0,651.0
951,44823,1,3,4,3,2014.0,2016-07-31,2016.0,624.0
952,44825,1,3,4,3,2015.0,2017-04-30,2017.0,300.0
953,44827,1,3,4,3,2016.0,2018-12-31,2018.0,655.0
954,44832,1,3,4,3,2015.0,2017-04-30,2017.0,419.0
955,44845,1,3,4,3,2014.0,2016-07-31,2016.0,541.0
956,44856,1,3,4,3,2014.0,2016-09-30,2016.0,462.0
957,44858,1,3,4,3,2013.0,2015-12-31,2015.0,557.0
958,44860,1,3,4,3,2015.0,2017-12-31,2017.0,522.0
959,44864,1,3,4,3,2014.0,2016-02-28,2016.0,421.0
960,44867,1,3,4,3,2015.0,2017-12-31,2017.0,665.0
961,44869,1,3,4,3,2014.0,2016-09-30,2016.0,407.0
962,44871,1,3,4,3,2017.0,2019-05-31,2019.0,495.0
963,44874,1,3,4,3,2017.0,2019-02-28,2019.0,463.0
964,44932,1,2,4,3,2013.0,2015-06-30,2015.0,603.0
965,44937,1,3,4,3,2014.0,2016-02-28,2016.0,405.0
966,44939,1,3,4,1,2014.0,2016-05-06,2016.0,247.0
967,44942,1,3,4,3,2014.0,2016-03-31,2016.0,314.0
968,44946,1,3,4,3,2013.0,2015-06-30,2015.0,442.0
969,44949,1,3,4,3,2015.0,2017-12-31,2017.0,732.0
970,44951,1,3,4,3,2015.0,2017-04-30,2017.0,774.0
971,44953,1,2,4,3,2013.0,2015-06-30,2015.0,408.0
972,44955,1,2,4,3,2013.0,2015-12-30,2015.0,526.0
973,44957,1,3,4,3,2014.0,2016-04-08,2016.0,669.0
974,44959,1,3,4,3,2014.0,2016-03-31,2016.0,494.0
975,44961,1,3,4,3,2016.0,2018-05-31,2018.0,381.0
976,44963,1,3,4,3,2015.0,2017-12-31,2017.0,454.0
977,44965,1,3,4,3,2016.0,2018-09-30,2018.0,767.0
978,44998,1,5,1,2,2022.0,2024-01-31,2024.0,432.0
979,45011,1,5,1,1,2021.0,2023-11-30,2023.0,425.0
980,45134,1,3,4,3,2015.0,2017-12-31,2017.0,387.0
981,45136,1,2,4,3,2013.0,2015-06-30,2015.0,504.0
982,45138,1,3,4,3,2014.0,2016-05-31,2016.0,638.0
983,45140,1,3,4,3,2014.0,2016-02-28,2016.0,341.0
984,45142,1,3,4,3,2015.0,2017-12-31,2017.0,487.0
985,45146,1,2,4,3,2013.0,2015-06-30,2015.0,219.0
986,45149,1,5,1,2,2022.0,2024-01-31,2024.0,394.0
987,45156,1,3,4,3,2014.0,2016-02-28,2016.0,534.0
988,45835,1,5,2,3,2022.0,2024-06-30,2024.0,320.0
989,45837,1,5,2,3,,,,
990,45839,1,5,2,3,2022.0,2024-06-30,2024.0,603.0
991,45841,1,5,2,3,2022.0,2024-06-30,2024.0,566.0
992,45871,1,5,2,3,2021.0,2023-10-31,2023.0,731.0
993,45874,1,5,2,3,2021.0,2023-10-31,2023.0,656.0
994,45948,1,5,1,3,2021.0,2023-10-31,2023.0,544.0
995,45950,1,5,2,3,2021.0,2023-10-31,2023.0,539.0
996,45955,1,5,1,3,2021.0,2023-10-31,2023.0,452.0
997,46088,1,5,2,1,2021.0,2023-05-31,2023.0,280.0
998,46088,2,5,1,1,2017.0,2019-12-31,2019.0,319.0
999,46711,1,5,1,3,2021.0,2023-10-31,2023.0,352.0
1000,46802,1,5,2,1,2022.0,2024-01-31,2024.0,556.0
1001,46802,2,3,4,1,2017.0,2019-06-30,2019.0,616.0
1002,46969,1,5,1,3,2021.0,2023-10-31,2023.0,379.0
1003,46971,1,5,1,3,2021.0,2023-10-31,2023.0,435.0
1004,46973,1,5,1,3,2021.0,2023-10-31,2023.0,487.0
1005,46983,1,5,2,2,,,,
1006,46983,2,5,1,3,2021.0,2023-10-31,2023.0,395.0
1007,46986,1,5,1,3,2021.0,2023-10-31,2023.0,358.0
1008,46988,1,5,1,3,2021.0,2023-10-31,2023.0,442.0
1009,47041,1,5,1,1,2021.0,2023-12-31,2023.0,271.0
1010,47041,2,5,1,1,2018.0,2020-09-30,2020.0,171.0
1011,47141,1,5,1,3,2021.0,2023-10-31,2023.0,524.0
1012,47495,1,5,1,2,2022.0,2024-02-29,2024.0,585.0
1013,47812,1,5,2,3,2021.0,2023-10-31,2023.0,256.0
1014,47814,1,5,2,3,2021.0,2023-10-31,2023.0,342.0
1015,47816,1,5,2,3,2021.0,2023-10-31,2023.0,183.0
1016,47819,1,5,1,2,2021.0,2023-10-31,2023.0,331.0
1017,48061,1,5,1,2,2022.0,2024-02-29,2024.0,500.0
1018,48622,1,5,2,3,2020.0,2022-02-28,2022.0,249.0
1019,48630,1,5,2,3,2018.0,2020-12-30,2020.0,482.0
1020,50170,1,5,2,1,2022.0,2024-04-30,2024.0,179.0
1021,50336,1,5,1,3,2021.0,2023-10-31,2023.0,334.0
1022,50520,1,5,1,3,2021.0,2023-10-31,2023.0,586.0
1023,50759,1,5,1,2,,,,
1024,51013,1,5,1,3,2021.0,2023-10-31,2023.0,289.0
1025,51046,1,5,1,2,2022.0,2024-04-30,2024.0,557.0
1026,51682,1,5,2,2,2022.0,2024-02-29,2024.0,289.0
1027,51855,1,5,1,1,2021.0,2023-12-31,2023.0,284.0
1028,51855,2,5,1,2,2018.0,2020-10-31,2020.0,215.0
1029,52502,1,5,1,3,2021.0,2023-01-31,2023.0,413.0
1030,52502,2,5,1,1,,,,
1031,52579,1,5,2,2,2022.0,2024-04-30,2024.0,358.0
1032,52862,1,5,1,2,2022.0,2024-03-31,2024.0,438.0
1033,52981,1,5,1,3,2021.0,2023-11-15,2023.0,236.0
1034,52985,1,5,1,3,2021.0,2023-11-15,2023.0,331.0
1035,52990,1,5,1,3,2021.0,2023-11-15,2023.0,470.0
1036,52993,1,5,1,3,2021.0,2023-11-15,2023.0,320.0
1037,53438,1,5,1,3,2021.0,2023-10-31,2023.0,242.0
1038,53621,1,5,2,2,2022.0,2024-03-31,2024.0,274.0
1039,53775,1,5,2,2,2022.0,2024-03-31,2024.0,391.0
1040,54126,1,5,1,2,2022.0,2024-02-29,2024.0,569.0
1041,55101,1,5,1,1,2022.0,2024-01-31,2024.0,613.0
1042,55101,2,3,4,2,,,,
1043,55101,3,1,4,1,,,,
1044,55121,1,5,1,3,2021.0,2023-11-30,2023.0,427.0
1045,55125,1,5,1,3,2021.0,2023-11-30,2023.0,426.0
1046,55127,1,5,1,3,2021.0,2023-11-30,2023.0,342.0
1047,55129,1,5,1,3,2021.0,2023-11-30,2023.0,360.0
1048,55440,1,5,1,2,2022.0,2024-03-31,2024.0,216.0
1049,55745,1,5,2,2,2022.0,2024-02-29,2024.0,447.0
1050,55981,1,5,2,3,2021.0,2023-12-21,2023.0,306.0
1051,55987,1,5,2,3,2021.0,2023-12-21,2023.0,418.0
1052,56033,1,5,2,2,2022.0,2024-06-30,2024.0,307.0
1053,56033,2,5,2,3,2021.0,2023-12-21,2023.0,310.0
1054,56171,1,5,1,2,2022.0,2024-08-31,2024.0,256.0
1055,56298,1,5,2,3,2022.0,2024-01-24,2024.0,424.0
1056,56300,1,5,2,3,2022.0,2024-01-24,2024.0,421.0
1057,56302,1,5,2,3,2022.0,2024-01-24,2024.0,409.0
1058,56307,1,5,1,3,2021.0,2023-12-31,2023.0,459.0
1059,56309,1,5,1,3,2021.0,2023-12-31,2023.0,419.0
1060,56311,1,5,1,3,2021.0,2023-12-31,2023.0,415.0
1061,56313,1,5,1,3,2021.0,2023-12-31,2023.0,536.0
1062,56526,1,5,1,3,2021.0,2023-12-31,2023.0,496.0
1063,56534,1,5,1,3,,,,
1064,56536,1,5,1,3,,,,
1065,56881,1,5,2,2,2022.0,2024-06-30,2024.0,342.0
1066,57026,1,5,1,2,2022.0,2024-02-29,2024.0,492.0
1067,58579,1,5,1,2,2022.0,2024-03-31,2024.0,569.0
1068,59060,1,5,2,1,2022.0,2024-02-29,2024.0,386.0
1069,59391,1,5,1,3,2021.0,2023-01-31,2023.0,688.0
1070,59402,1,5,1,3,,,,
1071,61590,1,5,1,1,2022.0,2024-09-30,2024.0,427.0
1072,61662,1,5,1,2,2022.0,2024-06-30,2024.0,395.0
1073,61933,1,5,1,1,2022.0,2024-04-30,2024.0,245.0
1074,62100,1,5,2,3,2022.0,2024-10-31,2024.0,532.0
1075,62102,1,5,2,3,2022.0,2024-10-31,2024.0,595.0
1076,62105,1,5,2,3,2022.0,2024-10-31,2024.0,218.0
1077,62156,1,5,1,2,2022.0,2024-08-31,2024.0,367.0
1078,62168,1,5,2,2,2022.0,2024-03-31,2024.0,310.0
1079,62183,1,5,1,3,,,,
1080,63662,1,5,1,2,2022.0,2024-08-31,2024.0,403.0
1081,64591,1,5,1,3,2022.0,2024-11-30,2024.0,370.0
1082,64599,1,5,1,3,2022.0,2024-11-30,2024.0,504.0
1083,64601,1,5,1,3,2022.0,2024-11-30,2024.0,277.0
1084,64664,1,5,1,3,2022.0,2024-06-30,2024.0,326.0
1085,64666,1,5,1,3,2022.0,2024-06-30,2024.0,546.0
1086,64668,1,5,1,3,2022.0,2024-06-30,2024.0,524.0
1087,64670,1,5,1,3,2022.0,2024-06-30,2024.0,531.0
1088,64887,1,5,1,1,2022.0,2024-05-31,2024.0,445.0
1089,65212,1,5,2,2,2022.0,2024-06-30,2024.0,284.0
1090,65752,1,5,1,2,2022.0,2024-07-31,2024.0,202.0
1091,66816,1,5,1,1,2022.0,2024-03-31,2024.0,236.0
1092,67207,1,5,1,1,2022.0,2024-05-31,2024.0,497.0
1093,67207,2,5,1,1,2018.0,2020-10-31,2020.0,517.0
1094,67263,1,5,2,2,2023.0,2025-04-30,2025.0,417.0
1095,68060,1,5,2,2,2022.0,2024-07-31,2024.0,606.0
1096,68060,2,5,1,3,2019.0,2021-03-31,2021.0,527.0
1097,68219,1,5,1,2,2022.0,2024-06-30,2024.0,417.0
1098,68530,1,5,2,2,2022.0,2024-10-31,2024.0,456.0
1099,72205,1,5,2,2,2023.0,2025-01-31,2025.0,228.0
1100,72941,1,5,2,3,2021.0,2023-07-29,2023.0,478.0
1101,72957,1,5,2,3,2021.0,2023-07-29,2023.0,540.0
1102,72960,1,5,2,3,2021.0,2023-07-29,2023.0,538.0
1103,73439,1,5,1,2,2022.0,2024-09-30,2024.0,355.0
1104,73570,1,5,1,1,2022.0,2024-06-30,2024.0,602.0
1105,73618,1,5,2,2,2022.0,2024-09-30,2024.0,406.0
1106,74013,1,5,1,2,2022.0,2024-11-30,2024.0,200.0
1107,74298,1,5,1,1,2023.0,2025-03-31,2025.0,449.0
1108,75496,1,5,2,2,2022.0,2024-12-31,2024.0,333.0
1109,75629,1,5,2,1,2022.0,2024-11-30,2024.0,348.0
1110,76896,1,5,2,3,2023.0,2025-01-31,2025.0,278.0
1111,76898,1,5,2,3,2023.0,2025-01-31,2025.0,265.0
1112,77329,1,5,2,3,2022.0,2024-07-31,2024.0,496.0
1113,77329,2,5,1,3,2020.0,2022-01-31,2022.0,372.0
1114,77336,1,5,2,3,2022.0,2024-06-30,2024.0,461.0
1115,77336,2,5,1,3,2020.0,2022-01-31,2022.0,379.0
1116,77444,1,5,2,2,2022.0,2024-11-30,2024.0,529.0
1117,77849,1,5,2,2,2022.0,2024-09-30,2024.0,430.0
1118,78247,1,5,2,2,2022.0,2024-10-31,2024.0,278.0
1119,78313,1,5,2,2,,,,
1120,78313,2,5,2,3,2022.0,2024-07-31,2024.0,266.0
1121,78324,1,5,1,1,2022.0,2024-09-30,2024.0,357.0
1122,78364,1,5,1,1,2022.0,2024-08-31,2024.0,422.0
1123,78430,1,5,1,3,2022.0,2024-11-30,2024.0,336.0
1124,78432,1,5,1,3,2022.0,2024-11-30,2024.0,297.0
1125,78890,1,5,1,3,2022.0,2024-07-31,2024.0,626.0
1126,78890,2,5,1,3,2017.0,2019-02-28,2019.0,781.0
1127,78957,1,5,2,1,2022.0,2024-12-31,2024.0,375.0
1128,78957,2,5,1,2,2020.0,2022-10-31,2022.0,377.0
1129,79094,1,5,1,1,2023.0,2025-03-31,2025.0,355.0
1130,79370,1,5,1,3,2022.0,2024-07-31,2024.0,509.0
1131,79534,1,5,1,1,2022.0,2024-11-30,2024.0,153.0
1132,79708,1,5,2,2,2022.0,2024-09-30,2024.0,577.0
1133,80060,1,5,1,3,2022.0,2024-10-31,2024.0,325.0
1134,80062,1,5,1,3,2022.0,2024-10-31,2024.0,424.0
1135,80067,1,5,1,3,2022.0,2024-10-31,2024.0,426.0
1136,80072,1,5,1,3,2022.0,2024-10-31,2024.0,221.0
1137,80263,1,5,1,3,2022.0,2024-12-31,2024.0,707.0
1138,80265,1,5,1,3,2022.0,2024-12-31,2024.0,584.0
1139,80267,1,5,1,3,2022.0,2024-12-31,2024.0,488.0
1140,80269,1,5,1,3,2022.0,2024-12-31,2024.0,757.0
1141,80325,1,5,2,1,2022.0,2024-09-30,2024.0,278.0
1142,80677,1,5,1,3,2022.0,2024-07-31,2024.0,448.0
1143,81881,1,5,1,2,2022.0,2024-09-30,2024.0,238.0
1144,82244,1,5,1,2,2022.0,2024-10-31,2024.0,284.0
1145,82407,1,5,2,2,,,,
1146,82677,1,5,2,2,,,,
1147,82684,1,5,2,1,2022.0,2024-07-31,2024.0,707.0
1148,82684,2,5,2,2,2019.0,2021-02-28,2021.0,623.0
1149,82861,1,5,2,3,2022.0,2024-07-31,2024.0,446.0
1150,82864,1,5,2,3,2022.0,2024-07-31,2024.0,257.0
1151,82868,1,5,2,3,2022.0,2024-07-31,2024.0,445.0
1152,82902,1,5,2,3,2022.0,2024-07-31,2024.0,567.0
1153,82906,1,5,2,3,2022.0,2024-07-31,2024.0,374.0
1154,82913,1,5,2,3,2022.0,2024-07-31,2024.0,371.0
1155,82924,1,5,2,3,2022.0,2024-12-31,2024.0,358.0
1156,82926,1,5,2,3,2022.0,2024-12-31,2024.0,327.0
1157,83190,1,5,2,3,2022.0,2024-11-30,2024.0,557.0
1158,83220,1,5,1,3,2022.0,2024-09-30,2024.0,287.0
1159,83223,1,5,1,3,2022.0,2024-09-30,2024.0,390.0
1160,83226,1,5,1,3,2022.0,2024-09-30,2024.0,107.0
1161,83738,1,5,1,3,2022.0,2024-09-30,2024.0,154.0
1162,83967,1,5,1,3,2022.0,2024-08-31,2024.0,365.0
1163,83986,1,5,1,3,2022.0,2024-08-31,2024.0,288.0
1164,83988,1,5,1,3,2022.0,2024-08-31,2024.0,217.0
1165,84129,1,5,1,1,2022.0,2024-09-30,2024.0,232.0
1166,84326,1,5,2,2,2022.0,2024-12-31,2024.0,410.0
1167,84520,1,5,1,3,2022.0,2024-12-31,2024.0,254.0
1168,84555,1,5,1,3,2022.0,2024-12-31,2024.0,324.0
1169,84568,1,5,1,3,2022.0,2024-12-31,2024.0,668.0
1170,84571,1,5,2,3,2022.0,2024-07-31,2024.0,168.0
1171,84610,1,5,2,3,2022.0,2024-07-31,2024.0,243.0
1172,84747,1,5,2,3,2022.0,2024-07-31,2024.0,344.0
1173,84749,1,5,2,3,2022.0,2024-07-31,2024.0,395.0
1174,84783,1,5,1,3,2022.0,2024-12-31,2024.0,305.0
1175,84899,1,5,2,2,2023.0,2025-01-31,2025.0,187.0
1176,85041,1,5,1,3,2022.0,2024-12-31,2024.0,492.0
1177,85120,1,5,2,2,2022.0,2024-12-31,2024.0,610.0
1178,85120,2,5,2,2,2021.0,2023-01-31,2023.0,602.0
1179,85120,3,5,2,2,2018.0,2020-06-30,2020.0,449.0
1180,85120,4,3,4,2,2016.0,2018-09-30,2018.0,449.0
1181,85214,1,5,1,3,2022.0,2024-12-31,2024.0,661.0
1182,85360,1,5,1,3,2022.0,2024-12-31,2024.0,255.0
1183,85373,1,5,1,2,2022.0,2024-11-30,2024.0,415.0
1184,85412,1,5,1,3,2022.0,2024-12-31,2024.0,306.0
1185,86947,1,5,1,1,2022.0,2024-09-30,2024.0,336.0
1186,87387,1,5,1,3,2022.0,2024-08-24,2024.0,296.0
1187,87389,1,5,1,3,,,,
1188,87391,1,5,1,3,2022.0,2024-08-25,2024.0,369.0
1189,87407,1,5,1,3,2022.0,2024-08-31,2024.0,379.0
1190,87410,1,5,1,3,2022.0,2024-08-31,2024.0,271.0
1191,87413,1,5,1,3,2022.0,2024-08-31,2024.0,574.0
1192,87416,1,5,1,3,2022.0,2024-08-31,2024.0,227.0
1193,87524,1,5,1,1,2022.0,2024-11-30,2024.0,342.0
1194,88846,1,5,1,2,2023.0,2025-09-30,2025.0,607.0
1195,89051,1,5,2,2,2022.0,2024-11-30,2024.0,330.0
1196,90051,1,5,2,1,2023.0,2025-07-31,2025.0,589.0
1197,90060,1,5,1,3,2023.0,2025-03-31,2025.0,382.0
1198,90090,1,5,1,3,2023.0,2025-03-31,2025.0,482.0
1199,90359,1,5,1,3,2022.0,2024-10-31,2024.0,246.0
1200,90581,1,5,1,3,2022.0,2024-10-31,2024.0,222.0
1201,90744,1,5,1,3,,,,
1202,90787,1,5,1,3,2022.0,2024-10-31,2024.0,209.0
1203,90809,1,5,1,3,2022.0,2024-08-31,2024.0,488.0
1204,90814,1,5,1,3,2022.0,2024-08-31,2024.0,412.0
1205,90816,1,5,1,3,2022.0,2024-08-31,2024.0,472.0
1206,90862,1,5,1,3,2023.0,2025-03-31,2025.0,319.0
1207,91279,1,5,2,2,2022.0,2024-12-31,2024.0,218.0
1208,91324,1,5,2,2,2023.0,2025-03-31,2025.0,445.0
1209,91596,1,5,1,1,2023.0,2025-02-28,2025.0,534.0
1210,91614,1,5,1,2,2022.0,2024-12-31,2024.0,229.0
1211,92361,1,5,2,2,2017.0,2019-10-30,2019.0,491.0
1212,92361,2,5,2,3,,,,
1213,92363,1,5,2,3,,,,
1214,92363,2,5,2,3,,,,
1215,92365,1,5,2,3,,,,
1216,92365,2,5,2,2,2016.0,2018-12-31,2018.0,536.0
1217,92367,1,5,2,3,,,,
1218,92367,2,5,2,3,,,,
1219,92393,1,5,2,3,,,,
1220,92403,1,5,2,3,,,,
1221,92403,2,5,2,3,,,,
1222,92435,1,5,2,3,,,,
1223,92457,1,5,2,3,,,,
1224,92457,2,5,2,2,2018.0,2020-10-20,2020.0,348.0
1225,92467,1,5,2,2,2017.0,2019-04-01,2019.0,446.0
1226,92485,1,5,2,2,2016.0,2018-11-15,2018.0,673.0
1227,92487,1,5,2,2,2014.0,2016-06-16,2016.0,470.0
1228,92489,1,5,2,2,2016.0,2018-05-25,2018.0,688.0
1229,92489,2,5,2,2,2013.0,2015-12-16,2015.0,625.0
1230,92491,1,5,2,2,2014.0,2016-01-20,2016.0,548.0
1231,92495,1,5,2,2,2020.0,2022-10-20,2022.0,547.0
1232,92497,1,5,2,2,2014.0,2016-02-21,2016.0,441.0
1233,92499,1,5,2,2,2015.0,2017-03-21,2017.0,685.0
1234,92501,1,5,2,2,2014.0,2016-07-22,2016.0,581.0
1235,92503,1,5,2,2,2014.0,2016-07-22,2016.0,399.0
1236,92505,1,5,2,2,2016.0,2018-05-24,2018.0,612.0
1237,92507,1,5,2,2,2016.0,2018-05-24,2018.0,840.0
1238,92511,1,5,2,2,2014.0,2016-07-25,2016.0,624.0
1239,92513,1,5,2,2,2018.0,2020-10-30,2020.0,767.0
1240,92513,2,5,2,2,2013.0,2015-08-30,2015.0,787.0
1241,92515,1,5,2,2,2013.0,2015-09-30,2015.0,764.0
1242,92517,1,5,2,2,2017.0,2019-10-30,2019.0,625.0
1243,92525,1,5,2,2,2021.0,2023-12-31,2023.0,215.0
1244,92608,1,5,1,3,2022.0,2024-10-31,2024.0,255.0
1245,92832,1,5,1,3,2022.0,2024-10-31,2024.0,421.0
1246,92844,1,5,1,3,2022.0,2024-10-31,2024.0,282.0
1247,93101,1,5,2,2,2023.0,2025-02-28,2025.0,300.0
1248,93793,1,5,2,2,2022.0,2024-12-31,2024.0,100.0
1249,93873,1,5,1,3,2022.0,2024-10-31,2024.0,411.0
1250,93954,1,5,2,3,2022.0,2024-11-30,2024.0,568.0
1251,93957,1,5,2,3,2022.0,2024-11-30,2024.0,444.0
1252,93959,1,5,2,3,2022.0,2024-11-30,2024.0,487.0
1253,93961,1,5,2,3,2022.0,2024-11-30,2024.0,571.0
1254,93999,1,5,1,2,2023.0,2025-06-30,2025.0,193.0
1255,94595,1,5,1,2,2022.0,2024-12-31,2024.0,469.0
1256,94655,1,5,1,2,2023.0,2025-05-31,2025.0,369.0
1257,95454,1,5,1,2,2023.0,2025-02-28,2025.0,419.0
1258,96610,1,5,2,3,2023.0,2025-01-31,2025.0,138.0
1259,96622,1,5,2,3,2023.0,2025-01-31,2025.0,189.0
1260,96971,1,5,1,3,2022.0,2024-12-31,2024.0,326.0
1261,96973,1,5,1,3,2022.0,2024-12-31,2024.0,221.0
1262,96975,1,5,1,3,2022.0,2024-12-31,2024.0,371.0
1263,97748,1,5,2,3,2022.0,2024-12-31,2024.0,315.0
1264,98748,1,5,1,2,2023.0,2025-08-31,2025.0,294.0
1265,98840,1,5,1,2,2023.0,2025-03-31,2025.0,403.0
1266,98918,1,5,2,2,2023.0,2025-07-31,2025.0,263.0
1267,99165,1,5,2,1,2023.0,2025-07-31,2025.0,278.0
1268,99328,1,5,1,2,2023.0,2025-07-31,2025.0,432.0
1269,99328,2,5,1,3,,,,
1270,101017,1,5,2,3,2022.0,2024-12-08,2024.0,402.0
1271,101028,1,5,2,3,2022.0,2024-12-31,2024.0,296.0
1272,101128,1,5,1,3,2022.0,2024-12-31,2024.0,21.0
1273,101562,1,5,1,3,2023.0,2025-07-31,2025.0,255.0
1274,101564,1,5,1,3,,,,
1275,101568,1,5,1,3,2023.0,2025-07-31,2025.0,420.0
1276,101570,1,5,1,3,2023.0,2025-07-31,2025.0,229.0
1277,101572,1,5,1,3,2023.0,2025-07-31,2025.0,274.0
1278,101888,1,5,1,1,2023.0,2025-02-28,2025.0,272.0
1279,102365,1,5,2,2,2023.0,2025-06-30,2025.0,432.0
1280,102421,1,5,2,2,2023.0,2025-10-31,2025.0,233.0
1281,102906,1,5,1,2,2023.0,2025-01-31,2025.0,312.0
1282,104183,1,5,2,3,2023.0,2025-07-31,2025.0,416.0
1283,104216,1,5,1,2,2023.0,2025-05-31,2025.0,554.0
1284,104639,1,5,1,2,2023.0,2025-03-31,2025.0,432.0
1285,104921,1,5,1,3,2023.0,2025-09-28,2025.0,440.0
1286,106077,1,5,1,1,2023.0,2025-08-31,2025.0,238.0
1287,106276,1,5,1,2,2023.0,2025-03-31,2025.0,325.0
1288,106552,1,5,1,2,2023.0,2025-07-31,2025.0,413.0
1289,106945,1,5,1,2,2023.0,2025-05-31,2025.0,510.0
1290,109043,1,5,1,3,,,,
1291,110257,1,5,1,2,2023.0,2025-03-31,2025.0,430.0
1292,110308,1,5,1,2,2023.0,2025-10-31,2025.0,281.0
1293,110900,1,5,2,3,,,,
1294,111111,1,5,2,3,2023.0,2025-02-28,2025.0,299.0
1295,111664,1,5,1,3,,,,
1296,111946,1,5,1,3,2023.0,2025-07-31,2025.0,520.0
1297,111948,1,5,1,3,2023.0,2025-07-31,2025.0,492.0
1298,111951,1,5,2,2,2023.0,2025-05-31,2025.0,370.0
1299,112013,1,5,2,3,,,,
1300,112044,1,5,2,3,2023.0,2025-09-30,2025.0,318.0
1301,112046,1,5,2,3,2023.0,2025-09-25,2025.0,343.0
1302,112211,1,5,1,2,2023.0,2025-10-31,2025.0,404.0
1303,112674,1,5,1,3,2023.0,2025-03-31,2025.0,516.0
1304,112793,1,5,2,3,2023.0,2025-09-25,2025.0,263.0
1305,112820,1,5,1,3,2023.0,2025-03-31,2025.0,651.0
1306,112863,1,5,1,3,2023.0,2025-06-30,2025.0,644.0
1307,113132,1,5,1,2,2023.0,2025-07-31,2025.0,242.0
1308,113802,1,5,1,3,2023.0,2025-03-31,2025.0,714.0
1309,113857,1,5,2,2,2023.0,2025-07-31,2025.0,257.0
1310,115235,1,5,1,2,2023.0,2025-05-31,2025.0,488.0
1311,115469,1,5,1,3,2023.0,2025-03-31,2025.0,568.0
1312,115472,1,5,1,3,2023.0,2025-06-30,2025.0,481.0
1313,115631,1,5,1,3,2023.0,2025-03-31,2025.0,316.0
1314,117420,1,5,2,3,2022.0,2024-05-05,2024.0,254.0
1315,117424,1,5,2,3,2022.0,2024-05-05,2024.0,383.0
1316,117428,1,5,2,3,2022.0,2024-05-05,2024.0,230.0
1317,118354,1,5,1,2,2023.0,2025-05-31,2025.0,336.0
1318,118474,1,5,1,2,2023.0,2025-07-31,2025.0,413.0
1319,118507,1,5,1,3,2023.0,2025-03-31,2025.0,355.0
1320,118513,1,5,1,2,2023.0,2025-05-31,2025.0,377.0
1321,118847,1,5,2,3,2023.0,2025-04-30,2025.0,354.0
1322,118849,1,5,2,3,2023.0,2025-04-30,2025.0,385.0
1323,118851,1,5,2,3,2023.0,2025-04-30,2025.0,405.0
1324,119258,1,5,2,2,2023.0,2025-06-30,2025.0,375.0
1325,120252,1,5,1,2,2023.0,2025-11-30,2025.0,223.0
1326,122149,1,5,1,2,2023.0,2025-10-31,2025.0,453.0
1327,122626,1,5,1,2,2023.0,2025-11-30,2025.0,168.0
1328,123176,1,5,2,2,2023.0,2025-09-30,2025.0,391.0
1329,124183,1,5,2,2,,,,
1330,124336,1,5,1,3,2023.0,2025-08-31,2025.0,313.0
1331,124365,1,5,1,3,2023.0,2025-08-31,2025.0,313.0
1332,124367,1,5,1,3,2023.0,2025-08-31,2025.0,252.0
1333,124369,1,5,1,3,2023.0,2025-08-31,2025.0,193.0
1334,124371,1,5,1,3,2023.0,2025-08-31,2025.0,261.0
1335,124375,1,5,1,3,2023.0,2025-08-31,2025.0,224.0
1336,124379,1,5,1,3,2023.0,2025-08-31,2025.0,95.0
1337,124386,1,5,1,3,2023.0,2025-08-31,2025.0,253.0
1338,124473,1,5,1,3,2023.0,2025-03-31,2025.0,558.0
1339,124478,1,5,1,3,2023.0,2025-08-31,2025.0,245.0
1340,124481,1,5,1,3,2023.0,2025-08-31,2025.0,289.0
1341,124485,1,5,1,3,,,,
1342,124487,1,5,1,3,2023.0,2025-08-31,2025.0,202.0
1343,124636,1,5,2,2,2023.0,2025-08-31,2025.0,287.0
1344,124736,1,5,1,3,2023.0,2025-06-30,2025.0,520.0
1345,124805,1,5,1,2,2023.0,2025-07-31,2025.0,246.0
1346,125273,1,5,1,3,,,,
1347,126130,1,5,1,2,2023.0,2025-10-31,2025.0,248.0
1348,126462,1,5,2,3,2023.0,2025-07-31,2025.0,305.0
1349,126525,1,5,2,2,2023.0,2025-09-30,2025.0,191.0
1350,126529,1,5,2,2,2023.0,2025-09-30,2025.0,269.0
1351,126541,1,5,2,3,2023.0,2025-06-01,2025.0,311.0
1352,126541,2,5,2,3,2021.0,2023-05-12,2023.0,336.0
1353,126556,1,5,2,3,2022.0,2024-12-12,2024.0,356.0
1354,126575,1,5,2,3,2022.0,2024-12-12,2024.0,277.0
1355,126578,1,5,2,3,2022.0,2024-12-12,2024.0,526.0
1356,126584,1,5,2,3,2023.0,2025-06-01,2025.0,139.0
1357,126586,1,5,2,3,2023.0,2025-06-01,2025.0,670.0
1358,126590,1,5,2,3,2023.0,2025-06-01,2025.0,569.0
1359,126876,1,5,1,3,2023.0,2025-08-09,2025.0,435.0
1360,127018,1,5,2,2,2023.0,2025-11-30,2025.0,294.0
1361,127354,1,5,2,2,2023.0,2025-08-31,2025.0,513.0
1362,127354,2,5,1,1,2018.0,2020-11-30,2020.0,430.0
1363,127384,1,5,1,3,,,,
1364,127441,1,5,1,3,2023.0,2025-08-09,2025.0,389.0
1365,127444,1,5,1,3,2023.0,2025-08-09,2025.0,253.0
1366,127451,1,5,1,3,2023.0,2025-08-09,2025.0,340.0
1367,127454,1,5,1,3,2023.0,2025-08-09,2025.0,322.0
1368,127521,1,5,1,3,2023.0,2025-07-31,2025.0,468.0
1369,127545,1,5,1,3,2023.0,2025-09-28,2025.0,314.0
1370,127566,1,5,1,3,2023.0,2025-05-31,2025.0,340.0
1371,127813,1,5,2,2,2023.0,2025-10-31,2025.0,270.0
1372,129564,1,5,2,3,2023.0,2025-12-31,2025.0,186.0
1373,129566,1,5,2,3,2023.0,2025-12-31,2025.0,502.0
1374,129576,1,5,2,3,2023.0,2025-12-31,2025.0,368.0
1375,129590,1,5,2,3,2023.0,2025-12-31,2025.0,168.0
1376,129593,1,5,2,3,2023.0,2025-12-31,2025.0,414.0
1377,129596,1,5,2,3,2023.0,2025-12-31,2025.0,345.0
1378,129598,1,5,2,3,2023.0,2025-12-31,2025.0,180.0
1379,129757,1,5,1,3,,,,
1380,129847,1,5,1,3,,,,
1381,129847,2,5,2,2,,,,
1382,129947,1,5,1,3,2023.0,2025-05-31,2025.0,256.0
1383,130169,1,5,1,3,2023.0,2025-05-31,2025.0,440.0
1384,130850,1,5,1,3,2023.0,2025-07-31,2025.0,535.0
1385,130935,1,5,2,2,2023.0,2025-10-31,2025.0,281.0
1386,131651,1,5,2,2,2024.0,2026-01-31,2026.0,422.0
1387,131662,1,5,2,2,2023.0,2025-10-31,2025.0,132.0
1388,131810,1,5,2,3,,,,
1389,131820,1,5,2,3,2023.0,2025-07-31,2025.0,215.0
1390,131825,1,5,2,3,2023.0,2025-07-31,2025.0,196.0
1391,131829,1,5,2,3,,,,
1392,131833,1,5,2,3,2023.0,2025-07-31,2025.0,201.0
1393,131835,1,5,2,3,,,,
1394,131839,1,5,2,3,2023.0,2025-07-31,2025.0,135.0
1395,132121,1,5,2,3,2023.0,2025-10-25,2025.0,182.0
1396,132123,1,5,2,3,2023.0,2025-10-25,2025.0,257.0
1397,132125,1,5,2,3,2023.0,2025-10-25,2025.0,330.0
1398,132129,1,5,2,3,2023.0,2025-10-25,2025.0,153.0
1399,132138,1,5,2,3,2023.0,2025-11-02,2025.0,479.0
1400,132141,1,5,2,3,2023.0,2025-11-02,2025.0,434.0
1401,132143,1,5,2,3,2023.0,2025-11-02,2025.0,371.0
1402,132147,1,5,2,3,2023.0,2025-11-02,2025.0,568.0
1403,132863,1,5,2,2,2023.0,2025-10-31,2025.0,270.0
1404,133262,1,5,2,3,,,,
1405,133266,1,5,2,3,2023.0,2025-06-01,2025.0,467.0
1406,133268,1,5,2,3,2023.0,2025-06-01,2025.0,311.0
1407,133268,2,5,2,3,2021.0,2023-05-12,2023.0,318.0
1408,133339,1,5,2,3,2022.0,2024-06-16,2024.0,194.0
1409,133341,1,5,2,3,,,,
1410,133344,1,5,2,3,2022.0,2024-06-16,2024.0,546.0
1411,133348,1,5,2,3,2022.0,2024-06-16,2024.0,236.0
1412,133351,1,5,2,3,,,,
1413,133353,1,5,2,3,2022.0,2024-06-16,2024.0,406.0
1414,133954,1,3,4,2,2015.0,2017-05-31,2017.0,547.0
1415,133954,2,1,4,1,,,,
1416,133954,3,3,4,2,,,,
1417,135008,1,5,2,2,2023.0,2025-09-30,2025.0,374.0
1418,135335,1,5,2,2,,,,
1419,135365,1,5,2,3,,,,
1420,135370,1,5,2,3,,,,
1421,135372,1,5,2,3,,,,
1422,135374,1,5,2,3,,,,
1423,135620,1,5,1,2,2023.0,2025-12-31,2025.0,527.0
1424,139341,1,5,1,2,2023.0,2025-12-31,2025.0,381.0
1425,139376,1,5,1,2,2023.0,2025-12-31,2025.0,522.0
1426,139397,1,5,2,3,2023.0,2025-11-30,2025.0,338.0
1427,139399,1,5,2,3,2023.0,2025-11-30,2025.0,141.0
1428,139401,1,5,2,3,2023.0,2025-11-30,2025.0,48.0
1429,139403,1,5,2,3,,,,
1430,139906,1,5,1,2,2024.0,2026-01-31,2026.0,335.0
1431,140188,1,5,2,2,2023.0,2025-12-31,2025.0,495.0
1432,140204,1,5,2,3,2023.0,2025-09-30,2025.0,266.0
1433,140348,1,5,2,2,2024.0,2026-01-31,2026.0,357.0
1434,140968,1,5,1,3,,,,
1435,141375,1,5,2,2,,,,
1436,143125,1,5,1,3,2023.0,2025-12-31,2025.0,317.0
1437,143130,1,5,1,3,2023.0,2025-12-31,2025.0,213.0
1438,143242,1,5,2,3,2023.0,2025-10-31,2025.0,163.0
1439,143246,1,5,2,3,2023.0,2025-10-31,2025.0,274.0
1440,143248,1,5,2,3,2023.0,2025-10-31,2025.0,481.0
1441,143250,1,5,2,3,2023.0,2025-10-31,2025.0,331.0
1442,143252,1,5,2,3,2023.0,2025-10-31,2025.0,348.0
1443,143254,1,5,2,3,2023.0,2025-10-31,2025.0,148.0
1444,143256,1,5,2,3,2023.0,2025-10-31,2025.0,292.0
1445,143258,1,5,2,3,2023.0,2025-10-31,2025.0,151.0
1446,143436,1,5,2,3,,,,
1447,144356,1,5,1,2,2023.0,2025-12-31,2025.0,362.0
1448,144485,1,5,1,2,2023.0,2025-12-31,2025.0,334.0
1449,144919,1,5,1,3,,,,
1450,145404,1,5,1,3,2023.0,2025-11-30,2025.0,200.0
1451,145504,1,5,2,2,,,,
1452,145512,1,5,1,3,2023.0,2025-11-30,2025.0,610.0
1453,145526,1,5,2,2,2023.0,2025-12-31,2025.0,198.0
1454,147396,1,5,1,2,2023.0,2025-12-31,2025.0,443.0
1455,150227,1,5,1,2,,,,
1456,150465,1,5,2,2,2024.0,2026-01-31,2026.0,599.0
1457,150760,1,5,1,2,,,,
1458,150945,1,5,1,2,,,,
1459,152117,1,5,1,2,,,,
1460,152353,1,5,2,3,,,,
1461,152355,1,5,2,3,,,,
1462,153644,1,5,2,2,,,,
1463,153690,1,5,2,2,,,,
1464,153840,1,5,1,2,,,,
1465,153924,1,5,2,2,,,,
1466,153963,1,5,2,2,,,,
1467,154460,1,5,1,2,,,,
1468,154693,1,5,2,2,,,,
1469,155753,1,5,1,3,,,,
1470,156929,1,5,2,3,,,,
1471,157021,1,5,1,3,,,,
1472,157024,1,5,1,3,,,,
1473,157458,1,5,1,3,,,,
1474,157602,1,5,1,2,,,,
1475,159682,1,5,2,2,,,,
1476,159686,1,5,1,2,,,,
1477,159686,2,5,1,2,,,,
1478,159686,3,5,2,2,,,,
1479,160753,1,5,1,3,,,,
1480,160755,1,5,1,3,,,,
